,TABLE_CATALOG,TABLE_SCHEMA,TABLE_NAME,COLUMN_NAME,ORDINAL_POSITION,COLUMN_DEFAULT,IS_NULLABLE,DATA_TYPE,CHARACTER_MAXIMUM_LENGTH,CHARACTER_OCTET_LENGTH,NUMERIC_PRECISION,NUMERIC_PRECISION_RADIX,NUMERIC_SCALE,DATETIME_PRECISION,CHARACTER_SET_CATALOG,CHARACTER_SET_SCHEMA,CHARACTER_SET_NAME,COLLATION_CATALOG,COLLATION_SCHEMA,COLLATION_NAME,DOMAIN_CATALOG,DOMAIN_SCHEMA,DOMAIN_NAME
0,AdventureWorks2017,HumanResources,EmployeePayHistory,BusinessEntityID,1,,NO,int,,,10.0,10.0,0.0,,,,,,,,,,
1,AdventureWorks2017,HumanResources,EmployeePayHistory,RateChangeDate,2,,NO,datetime,,,,,,3.0,,,,,,,,,
2,AdventureWorks2017,HumanResources,EmployeePayHistory,Rate,3,,NO,money,,,19.0,10.0,4.0,,,,,,,,,,
3,AdventureWorks2017,HumanResources,EmployeePayHistory,PayFrequency,4,,NO,tinyint,,,3.0,10.0,0.0,,,,,,,,,,
4,AdventureWorks2017,HumanResources,EmployeePayHistory,ModifiedDate,5,(getdate()),NO,datetime,,,,,,3.0,,,,,,,,,
5,AdventureWorks2017,Sales,SalesOrderHeaderSalesReason,SalesOrderID,1,,NO,int,,,10.0,10.0,0.0,,,,,,,,,,
6,AdventureWorks2017,Sales,SalesOrderHeaderSalesReason,SalesReasonID,2,,NO,int,,,10.0,10.0,0.0,,,,,,,,,,
7,AdventureWorks2017,Sales,SalesOrderHeaderSalesReason,ModifiedDate,3,(getdate()),NO,datetime,,,,,,3.0,,,,,,,,,
8,AdventureWorks2017,Sales,SalesPerson,BusinessEntityID,1,,NO,int,,,10.0,10.0,0.0,,,,,,,,,,
9,AdventureWorks2017,Sales,SalesPerson,TerritoryID,2,,YES,int,,,10.0,10.0,0.0,,,,,,,,,,
10,AdventureWorks2017,Sales,SalesPerson,SalesQuota,3,,YES,money,,,19.0,10.0,4.0,,,,,,,,,,
11,AdventureWorks2017,Sales,SalesPerson,Bonus,4,((0.00)),NO,money,,,19.0,10.0,4.0,,,,,,,,,,
12,AdventureWorks2017,Sales,SalesPerson,CommissionPct,5,((0.00)),NO,smallmoney,,,10.0,10.0,4.0,,,,,,,,,,
13,AdventureWorks2017,Sales,SalesPerson,SalesYTD,6,((0.00)),NO,money,,,19.0,10.0,4.0,,,,,,,,,,
14,AdventureWorks2017,Sales,SalesPerson,SalesLastYear,7,((0.00)),NO,money,,,19.0,10.0,4.0,,,,,,,,,,
15,AdventureWorks2017,Sales,SalesPerson,rowguid,8,(newid()),NO,uniqueidentifier,,,,,,,,,,,,,,,
16,AdventureWorks2017,Sales,SalesPerson,ModifiedDate,9,(getdate()),NO,datetime,,,,,,3.0,,,,,,,,,
17,AdventureWorks2017,Production,Illustration,IllustrationID,1,,NO,int,,,10.0,10.0,0.0,,,,,,,,,,
18,AdventureWorks2017,Production,Illustration,Diagram,2,,YES,xml,-1.0,-1.0,,,,,,,,,,,,,
19,AdventureWorks2017,Production,Illustration,ModifiedDate,3,(getdate()),NO,datetime,,,,,,3.0,,,,,,,,,
20,AdventureWorks2017,HumanResources,JobCandidate,JobCandidateID,1,,NO,int,,,10.0,10.0,0.0,,,,,,,,,,
21,AdventureWorks2017,HumanResources,JobCandidate,BusinessEntityID,2,,YES,int,,,10.0,10.0,0.0,,,,,,,,,,
22,AdventureWorks2017,HumanResources,JobCandidate,Resume,3,,YES,xml,-1.0,-1.0,,,,,,,,,,,,,
23,AdventureWorks2017,HumanResources,JobCandidate,ModifiedDate,4,(getdate()),NO,datetime,,,,,,3.0,,,,,,,,,
24,AdventureWorks2017,Production,Location,LocationID,1,,NO,smallint,,,5.0,10.0,0.0,,,,,,,,,,
25,AdventureWorks2017,Production,Location,Name,2,,NO,nvarchar,50.0,100.0,,,,,,,UNICODE,,,SQL_Latin1_General_CP1_CI_AS,AdventureWorks2017,dbo,Name
26,AdventureWorks2017,Production,Location,CostRate,3,((0.00)),NO,smallmoney,,,10.0,10.0,4.0,,,,,,,,,,
27,AdventureWorks2017,Production,Location,Availability,4,((0.00)),NO,decimal,,,8.0,10.0,2.0,,,,,,,,,,
28,AdventureWorks2017,Production,Location,ModifiedDate,5,(getdate()),NO,datetime,,,,,,3.0,,,,,,,,,
29,AdventureWorks2017,Person,Password,BusinessEntityID,1,,NO,int,,,10.0,10.0,0.0,,,,,,,,,,
30,AdventureWorks2017,Person,Password,PasswordHash,2,,NO,varchar,128.0,128.0,,,,,,,iso_1,,,SQL_Latin1_General_CP1_CI_AS,,,
31,AdventureWorks2017,Person,Password,PasswordSalt,3,,NO,varchar,10.0,10.0,,,,,,,iso_1,,,SQL_Latin1_General_CP1_CI_AS,,,
32,AdventureWorks2017,Person,Password,rowguid,4,(newid()),NO,uniqueidentifier,,,,,,,,,,,,,,,
33,AdventureWorks2017,Person,Password,ModifiedDate,5,(getdate()),NO,datetime,,,,,,3.0,,,,,,,,,
34,AdventureWorks2017,Sales,SalesPersonQuotaHistory,BusinessEntityID,1,,NO,int,,,10.0,10.0,0.0,,,,,,,,,,
35,AdventureWorks2017,Sales,SalesPersonQuotaHistory,QuotaDate,2,,NO,datetime,,,,,,3.0,,,,,,,,,
36,AdventureWorks2017,Sales,SalesPersonQuotaHistory,SalesQuota,3,,NO,money,,,19.0,10.0,4.0,,,,,,,,,,
37,AdventureWorks2017,Sales,SalesPersonQuotaHistory,rowguid,4,(newid()),NO,uniqueidentifier,,,,,,,,,,,,,,,
38,AdventureWorks2017,Sales,SalesPersonQuotaHistory,ModifiedDate,5,(getdate()),NO,datetime,,,,,,3.0,,,,,,,,,
39,AdventureWorks2017,Person,Person,BusinessEntityID,1,,NO,int,,,10.0,10.0,0.0,,,,,,,,,,
40,AdventureWorks2017,Person,Person,PersonType,2,,NO,nchar,2.0,4.0,,,,,,,UNICODE,,,SQL_Latin1_General_CP1_CI_AS,,,
41,AdventureWorks2017,Person,Person,NameStyle,3,((0)),NO,bit,,,,,,,,,,,,,AdventureWorks2017,dbo,NameStyle
42,AdventureWorks2017,Person,Person,Title,4,,YES,nvarchar,8.0,16.0,,,,,,,UNICODE,,,SQL_Latin1_General_CP1_CI_AS,,,
43,AdventureWorks2017,Person,Person,FirstName,5,,NO,nvarchar,50.0,100.0,,,,,,,UNICODE,,,SQL_Latin1_General_CP1_CI_AS,AdventureWorks2017,dbo,Name
44,AdventureWorks2017,Person,Person,MiddleName,6,,YES,nvarchar,50.0,100.0,,,,,,,UNICODE,,,SQL_Latin1_General_CP1_CI_AS,AdventureWorks2017,dbo,Name
45,AdventureWorks2017,Person,Person,LastName,7,,NO,nvarchar,50.0,100.0,,,,,,,UNICODE,,,SQL_Latin1_General_CP1_CI_AS,AdventureWorks2017,dbo,Name
46,AdventureWorks2017,Person,Person,Suffix,8,,YES,nvarchar,10.0,20.0,,,,,,,UNICODE,,,SQL_Latin1_General_CP1_CI_AS,,,
47,AdventureWorks2017,Person,Person,EmailPromotion,9,((0)),NO,int,,,10.0,10.0,0.0,,,,,,,,,,
48,AdventureWorks2017,Person,Person,AdditionalContactInfo,10,,YES,xml,-1.0,-1.0,,,,,,,,,,,,,
49,AdventureWorks2017,Person,Person,Demographics,11,,YES,xml,-1.0,-1.0,,,,,,,,,,,,,
50,AdventureWorks2017,Person,Person,rowguid,12,(newid()),NO,uniqueidentifier,,,,,,,,,,,,,,,
51,AdventureWorks2017,Person,Person,ModifiedDate,13,(getdate()),NO,datetime,,,,,,3.0,,,,,,,,,
52,AdventureWorks2017,Sales,SalesReason,SalesReasonID,1,,NO,int,,,10.0,10.0,0.0,,,,,,,,,,
53,AdventureWorks2017,Sales,SalesReason,Name,2,,NO,nvarchar,50.0,100.0,,,,,,,UNICODE,,,SQL_Latin1_General_CP1_CI_AS,AdventureWorks2017,dbo,Name
54,AdventureWorks2017,Sales,SalesReason,ReasonType,3,,NO,nvarchar,50.0,100.0,,,,,,,UNICODE,,,SQL_Latin1_General_CP1_CI_AS,AdventureWorks2017,dbo,Name
55,AdventureWorks2017,Sales,SalesReason,ModifiedDate,4,(getdate()),NO,datetime,,,,,,3.0,,,,,,,,,
56,AdventureWorks2017,Sales,SalesTaxRate,SalesTaxRateID,1,,NO,int,,,10.0,10.0,0.0,,,,,,,,,,
57,AdventureWorks2017,Sales,SalesTaxRate,StateProvinceID,2,,NO,int,,,10.0,10.0,0.0,,,,,,,,,,
58,AdventureWorks2017,Sales,SalesTaxRate,TaxType,3,,NO,tinyint,,,3.0,10.0,0.0,,,,,,,,,,
59,AdventureWorks2017,Sales,SalesTaxRate,TaxRate,4,((0.00)),NO,smallmoney,,,10.0,10.0,4.0,,,,,,,,,,
60,AdventureWorks2017,Sales,SalesTaxRate,Name,5,,NO,nvarchar,50.0,100.0,,,,,,,UNICODE,,,SQL_Latin1_General_CP1_CI_AS,AdventureWorks2017,dbo,Name
61,AdventureWorks2017,Sales,SalesTaxRate,rowguid,6,(newid()),NO,uniqueidentifier,,,,,,,,,,,,,,,
62,AdventureWorks2017,Sales,SalesTaxRate,ModifiedDate,7,(getdate()),NO,datetime,,,,,,3.0,,,,,,,,,
63,AdventureWorks2017,Sales,PersonCreditCard,BusinessEntityID,1,,NO,int,,,10.0,10.0,0.0,,,,,,,,,,
64,AdventureWorks2017,Sales,PersonCreditCard,CreditCardID,2,,NO,int,,,10.0,10.0,0.0,,,,,,,,,,
65,AdventureWorks2017,Sales,PersonCreditCard,ModifiedDate,3,(getdate()),NO,datetime,,,,,,3.0,,,,,,,,,
66,AdventureWorks2017,Person,vAdditionalContactInfo,BusinessEntityID,1,,NO,int,,,10.0,10.0,0.0,,,,,,,,,,
67,AdventureWorks2017,Person,vAdditionalContactInfo,FirstName,2,,NO,nvarchar,50.0,100.0,,,,,,,UNICODE,,,SQL_Latin1_General_CP1_CI_AS,AdventureWorks2017,dbo,Name
68,AdventureWorks2017,Person,vAdditionalContactInfo,MiddleName,3,,YES,nvarchar,50.0,100.0,,,,,,,UNICODE,,,SQL_Latin1_General_CP1_CI_AS,AdventureWorks2017,dbo,Name
69,AdventureWorks2017,Person,vAdditionalContactInfo,LastName,4,,NO,nvarchar,50.0,100.0,,,,,,,UNICODE,,,SQL_Latin1_General_CP1_CI_AS,AdventureWorks2017,dbo,Name
70,AdventureWorks2017,Person,vAdditionalContactInfo,TelephoneNumber,5,,YES,nvarchar,50.0,100.0,,,,,,,UNICODE,,,SQL_Latin1_General_CP1_CI_AS,,,
71,AdventureWorks2017,Person,vAdditionalContactInfo,TelephoneSpecialInstructions,6,,YES,nvarchar,-1.0,-1.0,,,,,,,UNICODE,,,SQL_Latin1_General_CP1_CI_AS,,,
72,AdventureWorks2017,Person,vAdditionalContactInfo,Street,7,,YES,nvarchar,50.0,100.0,,,,,,,UNICODE,,,SQL_Latin1_General_CP1_CI_AS,,,
73,AdventureWorks2017,Person,vAdditionalContactInfo,City,8,,YES,nvarchar,50.0,100.0,,,,,,,UNICODE,,,SQL_Latin1_General_CP1_CI_AS,,,
74,AdventureWorks2017,Person,vAdditionalContactInfo,StateProvince,9,,YES,nvarchar,50.0,100.0,,,,,,,UNICODE,,,SQL_Latin1_General_CP1_CI_AS,,,
75,AdventureWorks2017,Person,vAdditionalContactInfo,PostalCode,10,,YES,nvarchar,50.0,100.0,,,,,,,UNICODE,,,SQL_Latin1_General_CP1_CI_AS,,,
76,AdventureWorks2017,Person,vAdditionalContactInfo,CountryRegion,11,,YES,nvarchar,50.0,100.0,,,,,,,UNICODE,,,SQL_Latin1_General_CP1_CI_AS,,,
77,AdventureWorks2017,Person,vAdditionalContactInfo,HomeAddressSpecialInstructions,12,,YES,nvarchar,-1.0,-1.0,,,,,,,UNICODE,,,SQL_Latin1_General_CP1_CI_AS,,,
78,AdventureWorks2017,Person,vAdditionalContactInfo,EMailAddress,13,,YES,nvarchar,128.0,256.0,,,,,,,UNICODE,,,SQL_Latin1_General_CP1_CI_AS,,,
79,AdventureWorks2017,Person,vAdditionalContactInfo,EMailSpecialInstructions,14,,YES,nvarchar,-1.0,-1.0,,,,,,,UNICODE,,,SQL_Latin1_General_CP1_CI_AS,,,
80,AdventureWorks2017,Person,vAdditionalContactInfo,EMailTelephoneNumber,15,,YES,nvarchar,50.0,100.0,,,,,,,UNICODE,,,SQL_Latin1_General_CP1_CI_AS,,,
81,AdventureWorks2017,Person,vAdditionalContactInfo,rowguid,16,,NO,uniqueidentifier,,,,,,,,,,,,,,,
82,AdventureWorks2017,Person,vAdditionalContactInfo,ModifiedDate,17,,NO,datetime,,,,,,3.0,,,,,,,,,
83,AdventureWorks2017,Person,PersonPhone,BusinessEntityID,1,,NO,int,,,10.0,10.0,0.0,,,,,,,,,,
84,AdventureWorks2017,Person,PersonPhone,PhoneNumber,2,,NO,nvarchar,25.0,50.0,,,,,,,UNICODE,,,SQL_Latin1_General_CP1_CI_AS,AdventureWorks2017,dbo,Phone
85,AdventureWorks2017,Person,PersonPhone,PhoneNumberTypeID,3,,NO,int,,,10.0,10.0,0.0,,,,,,,,,,
86,AdventureWorks2017,Person,PersonPhone,ModifiedDate,4,(getdate()),NO,datetime,,,,,,3.0,,,,,,,,,
87,AdventureWorks2017,HumanResources,vEmployee,BusinessEntityID,1,,NO,int,,,10.0,10.0,0.0,,,,,,,,,,
88,AdventureWorks2017,HumanResources,vEmployee,Title,2,,YES,nvarchar,8.0,16.0,,,,,,,UNICODE,,,SQL_Latin1_General_CP1_CI_AS,,,
89,AdventureWorks2017,HumanResources,vEmployee,FirstName,3,,NO,nvarchar,50.0,100.0,,,,,,,UNICODE,,,SQL_Latin1_General_CP1_CI_AS,AdventureWorks2017,dbo,Name
90,AdventureWorks2017,HumanResources,vEmployee,MiddleName,4,,YES,nvarchar,50.0,100.0,,,,,,,UNICODE,,,SQL_Latin1_General_CP1_CI_AS,AdventureWorks2017,dbo,Name
91,AdventureWorks2017,HumanResources,vEmployee,LastName,5,,NO,nvarchar,50.0,100.0,,,,,,,UNICODE,,,SQL_Latin1_General_CP1_CI_AS,AdventureWorks2017,dbo,Name
92,AdventureWorks2017,HumanResources,vEmployee,Suffix,6,,YES,nvarchar,10.0,20.0,,,,,,,UNICODE,,,SQL_Latin1_General_CP1_CI_AS,,,
93,AdventureWorks2017,HumanResources,vEmployee,JobTitle,7,,NO,nvarchar,50.0,100.0,,,,,,,UNICODE,,,SQL_Latin1_General_CP1_CI_AS,,,
94,AdventureWorks2017,HumanResources,vEmployee,PhoneNumber,8,,YES,nvarchar,25.0,50.0,,,,,,,UNICODE,,,SQL_Latin1_General_CP1_CI_AS,AdventureWorks2017,dbo,Phone
95,AdventureWorks2017,HumanResources,vEmployee,PhoneNumberType,9,,YES,nvarchar,50.0,100.0,,,,,,,UNICODE,,,SQL_Latin1_General_CP1_CI_AS,AdventureWorks2017,dbo,Name
96,AdventureWorks2017,HumanResources,vEmployee,EmailAddress,10,,YES,nvarchar,50.0,100.0,,,,,,,UNICODE,,,SQL_Latin1_General_CP1_CI_AS,,,
97,AdventureWorks2017,HumanResources,vEmployee,EmailPromotion,11,,NO,int,,,10.0,10.0,0.0,,,,,,,,,,
98,AdventureWorks2017,HumanResources,vEmployee,AddressLine1,12,,NO,nvarchar,60.0,120.0,,,,,,,UNICODE,,,SQL_Latin1_General_CP1_CI_AS,,,
99,AdventureWorks2017,HumanResources,vEmployee,AddressLine2,13,,YES,nvarchar,60.0,120.0,,,,,,,UNICODE,,,SQL_Latin1_General_CP1_CI_AS,,,
100,AdventureWorks2017,HumanResources,vEmployee,City,14,,NO,nvarchar,30.0,60.0,,,,,,,UNICODE,,,SQL_Latin1_General_CP1_CI_AS,,,
101,AdventureWorks2017,HumanResources,vEmployee,StateProvinceName,15,,NO,nvarchar,50.0,100.0,,,,,,,UNICODE,,,SQL_Latin1_General_CP1_CI_AS,AdventureWorks2017,dbo,Name
102,AdventureWorks2017,HumanResources,vEmployee,PostalCode,16,,NO,nvarchar,15.0,30.0,,,,,,,UNICODE,,,SQL_Latin1_General_CP1_CI_AS,,,
103,AdventureWorks2017,HumanResources,vEmployee,CountryRegionName,17,,NO,nvarchar,50.0,100.0,,,,,,,UNICODE,,,SQL_Latin1_General_CP1_CI_AS,AdventureWorks2017,dbo,Name
104,AdventureWorks2017,HumanResources,vEmployee,AdditionalContactInfo,18,,YES,xml,-1.0,-1.0,,,,,,,,,,,,,
105,AdventureWorks2017,Sales,SalesTerritory,TerritoryID,1,,NO,int,,,10.0,10.0,0.0,,,,,,,,,,
106,AdventureWorks2017,Sales,SalesTerritory,Name,2,,NO,nvarchar,50.0,100.0,,,,,,,UNICODE,,,SQL_Latin1_General_CP1_CI_AS,AdventureWorks2017,dbo,Name
107,AdventureWorks2017,Sales,SalesTerritory,CountryRegionCode,3,,NO,nvarchar,3.0,6.0,,,,,,,UNICODE,,,SQL_Latin1_General_CP1_CI_AS,,,
108,AdventureWorks2017,Sales,SalesTerritory,Group,4,,NO,nvarchar,50.0,100.0,,,,,,,UNICODE,,,SQL_Latin1_General_CP1_CI_AS,,,
109,AdventureWorks2017,Sales,SalesTerritory,SalesYTD,5,((0.00)),NO,money,,,19.0,10.0,4.0,,,,,,,,,,
110,AdventureWorks2017,Sales,SalesTerritory,SalesLastYear,6,((0.00)),NO,money,,,19.0,10.0,4.0,,,,,,,,,,
111,AdventureWorks2017,Sales,SalesTerritory,CostYTD,7,((0.00)),NO,money,,,19.0,10.0,4.0,,,,,,,,,,
112,AdventureWorks2017,Sales,SalesTerritory,CostLastYear,8,((0.00)),NO,money,,,19.0,10.0,4.0,,,,,,,,,,
113,AdventureWorks2017,Sales,SalesTerritory,rowguid,9,(newid()),NO,uniqueidentifier,,,,,,,,,,,,,,,
114,AdventureWorks2017,Sales,SalesTerritory,ModifiedDate,10,(getdate()),NO,datetime,,,,,,3.0,,,,,,,,,
115,AdventureWorks2017,HumanResources,vEmployeeDepartment,BusinessEntityID,1,,NO,int,,,10.0,10.0,0.0,,,,,,,,,,
116,AdventureWorks2017,HumanResources,vEmployeeDepartment,Title,2,,YES,nvarchar,8.0,16.0,,,,,,,UNICODE,,,SQL_Latin1_General_CP1_CI_AS,,,
117,AdventureWorks2017,HumanResources,vEmployeeDepartment,FirstName,3,,NO,nvarchar,50.0,100.0,,,,,,,UNICODE,,,SQL_Latin1_General_CP1_CI_AS,AdventureWorks2017,dbo,Name
118,AdventureWorks2017,HumanResources,vEmployeeDepartment,MiddleName,4,,YES,nvarchar,50.0,100.0,,,,,,,UNICODE,,,SQL_Latin1_General_CP1_CI_AS,AdventureWorks2017,dbo,Name
119,AdventureWorks2017,HumanResources,vEmployeeDepartment,LastName,5,,NO,nvarchar,50.0,100.0,,,,,,,UNICODE,,,SQL_Latin1_General_CP1_CI_AS,AdventureWorks2017,dbo,Name
120,AdventureWorks2017,HumanResources,vEmployeeDepartment,Suffix,6,,YES,nvarchar,10.0,20.0,,,,,,,UNICODE,,,SQL_Latin1_General_CP1_CI_AS,,,
121,AdventureWorks2017,HumanResources,vEmployeeDepartment,JobTitle,7,,NO,nvarchar,50.0,100.0,,,,,,,UNICODE,,,SQL_Latin1_General_CP1_CI_AS,,,
122,AdventureWorks2017,HumanResources,vEmployeeDepartment,Department,8,,NO,nvarchar,50.0,100.0,,,,,,,UNICODE,,,SQL_Latin1_General_CP1_CI_AS,AdventureWorks2017,dbo,Name
123,AdventureWorks2017,HumanResources,vEmployeeDepartment,GroupName,9,,NO,nvarchar,50.0,100.0,,,,,,,UNICODE,,,SQL_Latin1_General_CP1_CI_AS,AdventureWorks2017,dbo,Name
124,AdventureWorks2017,HumanResources,vEmployeeDepartment,StartDate,10,,NO,date,,,,,,0.0,,,,,,,,,
125,AdventureWorks2017,Person,PhoneNumberType,PhoneNumberTypeID,1,,NO,int,,,10.0,10.0,0.0,,,,,,,,,,
126,AdventureWorks2017,Person,PhoneNumberType,Name,2,,NO,nvarchar,50.0,100.0,,,,,,,UNICODE,,,SQL_Latin1_General_CP1_CI_AS,AdventureWorks2017,dbo,Name
127,AdventureWorks2017,Person,PhoneNumberType,ModifiedDate,3,(getdate()),NO,datetime,,,,,,3.0,,,,,,,,,
128,AdventureWorks2017,HumanResources,vEmployeeDepartmentHistory,BusinessEntityID,1,,NO,int,,,10.0,10.0,0.0,,,,,,,,,,
129,AdventureWorks2017,HumanResources,vEmployeeDepartmentHistory,Title,2,,YES,nvarchar,8.0,16.0,,,,,,,UNICODE,,,SQL_Latin1_General_CP1_CI_AS,,,
130,AdventureWorks2017,HumanResources,vEmployeeDepartmentHistory,FirstName,3,,NO,nvarchar,50.0,100.0,,,,,,,UNICODE,,,SQL_Latin1_General_CP1_CI_AS,AdventureWorks2017,dbo,Name
131,AdventureWorks2017,HumanResources,vEmployeeDepartmentHistory,MiddleName,4,,YES,nvarchar,50.0,100.0,,,,,,,UNICODE,,,SQL_Latin1_General_CP1_CI_AS,AdventureWorks2017,dbo,Name
132,AdventureWorks2017,HumanResources,vEmployeeDepartmentHistory,LastName,5,,NO,nvarchar,50.0,100.0,,,,,,,UNICODE,,,SQL_Latin1_General_CP1_CI_AS,AdventureWorks2017,dbo,Name
133,AdventureWorks2017,HumanResources,vEmployeeDepartmentHistory,Suffix,6,,YES,nvarchar,10.0,20.0,,,,,,,UNICODE,,,SQL_Latin1_General_CP1_CI_AS,,,
134,AdventureWorks2017,HumanResources,vEmployeeDepartmentHistory,Shift,7,,NO,nvarchar,50.0,100.0,,,,,,,UNICODE,,,SQL_Latin1_General_CP1_CI_AS,AdventureWorks2017,dbo,Name
135,AdventureWorks2017,HumanResources,vEmployeeDepartmentHistory,Department,8,,NO,nvarchar,50.0,100.0,,,,,,,UNICODE,,,SQL_Latin1_General_CP1_CI_AS,AdventureWorks2017,dbo,Name
136,AdventureWorks2017,HumanResources,vEmployeeDepartmentHistory,GroupName,9,,NO,nvarchar,50.0,100.0,,,,,,,UNICODE,,,SQL_Latin1_General_CP1_CI_AS,AdventureWorks2017,dbo,Name
137,AdventureWorks2017,HumanResources,vEmployeeDepartmentHistory,StartDate,10,,NO,date,,,,,,0.0,,,,,,,,,
138,AdventureWorks2017,HumanResources,vEmployeeDepartmentHistory,EndDate,11,,YES,date,,,,,,0.0,,,,,,,,,
139,AdventureWorks2017,Sales,vIndividualCustomer,BusinessEntityID,1,,NO,int,,,10.0,10.0,0.0,,,,,,,,,,
140,AdventureWorks2017,Sales,vIndividualCustomer,Title,2,,YES,nvarchar,8.0,16.0,,,,,,,UNICODE,,,SQL_Latin1_General_CP1_CI_AS,,,
141,AdventureWorks2017,Sales,vIndividualCustomer,FirstName,3,,NO,nvarchar,50.0,100.0,,,,,,,UNICODE,,,SQL_Latin1_General_CP1_CI_AS,AdventureWorks2017,dbo,Name
142,AdventureWorks2017,Sales,vIndividualCustomer,MiddleName,4,,YES,nvarchar,50.0,100.0,,,,,,,UNICODE,,,SQL_Latin1_General_CP1_CI_AS,AdventureWorks2017,dbo,Name
143,AdventureWorks2017,Sales,vIndividualCustomer,LastName,5,,NO,nvarchar,50.0,100.0,,,,,,,UNICODE,,,SQL_Latin1_General_CP1_CI_AS,AdventureWorks2017,dbo,Name
144,AdventureWorks2017,Sales,vIndividualCustomer,Suffix,6,,YES,nvarchar,10.0,20.0,,,,,,,UNICODE,,,SQL_Latin1_General_CP1_CI_AS,,,
145,AdventureWorks2017,Sales,vIndividualCustomer,PhoneNumber,7,,YES,nvarchar,25.0,50.0,,,,,,,UNICODE,,,SQL_Latin1_General_CP1_CI_AS,AdventureWorks2017,dbo,Phone
146,AdventureWorks2017,Sales,vIndividualCustomer,PhoneNumberType,8,,YES,nvarchar,50.0,100.0,,,,,,,UNICODE,,,SQL_Latin1_General_CP1_CI_AS,AdventureWorks2017,dbo,Name
147,AdventureWorks2017,Sales,vIndividualCustomer,EmailAddress,9,,YES,nvarchar,50.0,100.0,,,,,,,UNICODE,,,SQL_Latin1_General_CP1_CI_AS,,,
148,AdventureWorks2017,Sales,vIndividualCustomer,EmailPromotion,10,,NO,int,,,10.0,10.0,0.0,,,,,,,,,,
149,AdventureWorks2017,Sales,vIndividualCustomer,AddressType,11,,NO,nvarchar,50.0,100.0,,,,,,,UNICODE,,,SQL_Latin1_General_CP1_CI_AS,AdventureWorks2017,dbo,Name
150,AdventureWorks2017,Sales,vIndividualCustomer,AddressLine1,12,,NO,nvarchar,60.0,120.0,,,,,,,UNICODE,,,SQL_Latin1_General_CP1_CI_AS,,,
151,AdventureWorks2017,Sales,vIndividualCustomer,AddressLine2,13,,YES,nvarchar,60.0,120.0,,,,,,,UNICODE,,,SQL_Latin1_General_CP1_CI_AS,,,
152,AdventureWorks2017,Sales,vIndividualCustomer,City,14,,NO,nvarchar,30.0,60.0,,,,,,,UNICODE,,,SQL_Latin1_General_CP1_CI_AS,,,
153,AdventureWorks2017,Sales,vIndividualCustomer,StateProvinceName,15,,NO,nvarchar,50.0,100.0,,,,,,,UNICODE,,,SQL_Latin1_General_CP1_CI_AS,AdventureWorks2017,dbo,Name
154,AdventureWorks2017,Sales,vIndividualCustomer,PostalCode,16,,NO,nvarchar,15.0,30.0,,,,,,,UNICODE,,,SQL_Latin1_General_CP1_CI_AS,,,
155,AdventureWorks2017,Sales,vIndividualCustomer,CountryRegionName,17,,NO,nvarchar,50.0,100.0,,,,,,,UNICODE,,,SQL_Latin1_General_CP1_CI_AS,AdventureWorks2017,dbo,Name
156,AdventureWorks2017,Sales,vIndividualCustomer,Demographics,18,,YES,xml,-1.0,-1.0,,,,,,,,,,,,,
157,AdventureWorks2017,Production,Product,ProductID,1,,NO,int,,,10.0,10.0,0.0,,,,,,,,,,
158,AdventureWorks2017,Production,Product,Name,2,,NO,nvarchar,50.0,100.0,,,,,,,UNICODE,,,SQL_Latin1_General_CP1_CI_AS,AdventureWorks2017,dbo,Name
159,AdventureWorks2017,Production,Product,ProductNumber,3,,NO,nvarchar,25.0,50.0,,,,,,,UNICODE,,,SQL_Latin1_General_CP1_CI_AS,,,
160,AdventureWorks2017,Production,Product,MakeFlag,4,((1)),NO,bit,,,,,,,,,,,,,AdventureWorks2017,dbo,Flag
161,AdventureWorks2017,Production,Product,FinishedGoodsFlag,5,((1)),NO,bit,,,,,,,,,,,,,AdventureWorks2017,dbo,Flag
162,AdventureWorks2017,Production,Product,Color,6,,YES,nvarchar,15.0,30.0,,,,,,,UNICODE,,,SQL_Latin1_General_CP1_CI_AS,,,
163,AdventureWorks2017,Production,Product,SafetyStockLevel,7,,NO,smallint,,,5.0,10.0,0.0,,,,,,,,,,
164,AdventureWorks2017,Production,Product,ReorderPoint,8,,NO,smallint,,,5.0,10.0,0.0,,,,,,,,,,
165,AdventureWorks2017,Production,Product,StandardCost,9,,NO,money,,,19.0,10.0,4.0,,,,,,,,,,
166,AdventureWorks2017,Production,Product,ListPrice,10,,NO,money,,,19.0,10.0,4.0,,,,,,,,,,
167,AdventureWorks2017,Production,Product,Size,11,,YES,nvarchar,5.0,10.0,,,,,,,UNICODE,,,SQL_Latin1_General_CP1_CI_AS,,,
168,AdventureWorks2017,Production,Product,SizeUnitMeasureCode,12,,YES,nchar,3.0,6.0,,,,,,,UNICODE,,,SQL_Latin1_General_CP1_CI_AS,,,
169,AdventureWorks2017,Production,Product,WeightUnitMeasureCode,13,,YES,nchar,3.0,6.0,,,,,,,UNICODE,,,SQL_Latin1_General_CP1_CI_AS,,,
170,AdventureWorks2017,Production,Product,Weight,14,,YES,decimal,,,8.0,10.0,2.0,,,,,,,,,,
171,AdventureWorks2017,Production,Product,DaysToManufacture,15,,NO,int,,,10.0,10.0,0.0,,,,,,,,,,
172,AdventureWorks2017,Production,Product,ProductLine,16,,YES,nchar,2.0,4.0,,,,,,,UNICODE,,,SQL_Latin1_General_CP1_CI_AS,,,
173,AdventureWorks2017,Production,Product,Class,17,,YES,nchar,2.0,4.0,,,,,,,UNICODE,,,SQL_Latin1_General_CP1_CI_AS,,,
174,AdventureWorks2017,Production,Product,Style,18,,YES,nchar,2.0,4.0,,,,,,,UNICODE,,,SQL_Latin1_General_CP1_CI_AS,,,
175,AdventureWorks2017,Production,Product,ProductSubcategoryID,19,,YES,int,,,10.0,10.0,0.0,,,,,,,,,,
176,AdventureWorks2017,Production,Product,ProductModelID,20,,YES,int,,,10.0,10.0,0.0,,,,,,,,,,
177,AdventureWorks2017,Production,Product,SellStartDate,21,,NO,datetime,,,,,,3.0,,,,,,,,,
178,AdventureWorks2017,Production,Product,SellEndDate,22,,YES,datetime,,,,,,3.0,,,,,,,,,
179,AdventureWorks2017,Production,Product,DiscontinuedDate,23,,YES,datetime,,,,,,3.0,,,,,,,,,
180,AdventureWorks2017,Production,Product,rowguid,24,(newid()),NO,uniqueidentifier,,,,,,,,,,,,,,,
181,AdventureWorks2017,Production,Product,ModifiedDate,25,(getdate()),NO,datetime,,,,,,3.0,,,,,,,,,
182,AdventureWorks2017,Sales,vPersonDemographics,BusinessEntityID,1,,NO,int,,,10.0,10.0,0.0,,,,,,,,,,
183,AdventureWorks2017,Sales,vPersonDemographics,TotalPurchaseYTD,2,,YES,money,,,19.0,10.0,4.0,,,,,,,,,,
184,AdventureWorks2017,Sales,vPersonDemographics,DateFirstPurchase,3,,YES,datetime,,,,,,3.0,,,,,,,,,
185,AdventureWorks2017,Sales,vPersonDemographics,BirthDate,4,,YES,datetime,,,,,,3.0,,,,,,,,,
186,AdventureWorks2017,Sales,vPersonDemographics,MaritalStatus,5,,YES,nvarchar,1.0,2.0,,,,,,,UNICODE,,,SQL_Latin1_General_CP1_CI_AS,,,
187,AdventureWorks2017,Sales,vPersonDemographics,YearlyIncome,6,,YES,nvarchar,30.0,60.0,,,,,,,UNICODE,,,SQL_Latin1_General_CP1_CI_AS,,,
188,AdventureWorks2017,Sales,vPersonDemographics,Gender,7,,YES,nvarchar,1.0,2.0,,,,,,,UNICODE,,,SQL_Latin1_General_CP1_CI_AS,,,
189,AdventureWorks2017,Sales,vPersonDemographics,TotalChildren,8,,YES,int,,,10.0,10.0,0.0,,,,,,,,,,
190,AdventureWorks2017,Sales,vPersonDemographics,NumberChildrenAtHome,9,,YES,int,,,10.0,10.0,0.0,,,,,,,,,,
191,AdventureWorks2017,Sales,vPersonDemographics,Education,10,,YES,nvarchar,30.0,60.0,,,,,,,UNICODE,,,SQL_Latin1_General_CP1_CI_AS,,,
192,AdventureWorks2017,Sales,vPersonDemographics,Occupation,11,,YES,nvarchar,30.0,60.0,,,,,,,UNICODE,,,SQL_Latin1_General_CP1_CI_AS,,,
193,AdventureWorks2017,Sales,vPersonDemographics,HomeOwnerFlag,12,,YES,bit,,,,,,,,,,,,,,,
194,AdventureWorks2017,Sales,vPersonDemographics,NumberCarsOwned,13,,YES,int,,,10.0,10.0,0.0,,,,,,,,,,
195,AdventureWorks2017,HumanResources,vJobCandidate,JobCandidateID,1,,NO,int,,,10.0,10.0,0.0,,,,,,,,,,
196,AdventureWorks2017,HumanResources,vJobCandidate,BusinessEntityID,2,,YES,int,,,10.0,10.0,0.0,,,,,,,,,,
197,AdventureWorks2017,HumanResources,vJobCandidate,Name.Prefix,3,,YES,nvarchar,30.0,60.0,,,,,,,UNICODE,,,SQL_Latin1_General_CP1_CI_AS,,,
198,AdventureWorks2017,HumanResources,vJobCandidate,Name.First,4,,YES,nvarchar,30.0,60.0,,,,,,,UNICODE,,,SQL_Latin1_General_CP1_CI_AS,,,
199,AdventureWorks2017,HumanResources,vJobCandidate,Name.Middle,5,,YES,nvarchar,30.0,60.0,,,,,,,UNICODE,,,SQL_Latin1_General_CP1_CI_AS,,,
200,AdventureWorks2017,HumanResources,vJobCandidate,Name.Last,6,,YES,nvarchar,30.0,60.0,,,,,,,UNICODE,,,SQL_Latin1_General_CP1_CI_AS,,,
201,AdventureWorks2017,HumanResources,vJobCandidate,Name.Suffix,7,,YES,nvarchar,30.0,60.0,,,,,,,UNICODE,,,SQL_Latin1_General_CP1_CI_AS,,,
202,AdventureWorks2017,HumanResources,vJobCandidate,Skills,8,,YES,nvarchar,-1.0,-1.0,,,,,,,UNICODE,,,SQL_Latin1_General_CP1_CI_AS,,,
203,AdventureWorks2017,HumanResources,vJobCandidate,Addr.Type,9,,YES,nvarchar,30.0,60.0,,,,,,,UNICODE,,,SQL_Latin1_General_CP1_CI_AS,,,
204,AdventureWorks2017,HumanResources,vJobCandidate,Addr.Loc.CountryRegion,10,,YES,nvarchar,100.0,200.0,,,,,,,UNICODE,,,SQL_Latin1_General_CP1_CI_AS,,,
205,AdventureWorks2017,HumanResources,vJobCandidate,Addr.Loc.State,11,,YES,nvarchar,100.0,200.0,,,,,,,UNICODE,,,SQL_Latin1_General_CP1_CI_AS,,,
206,AdventureWorks2017,HumanResources,vJobCandidate,Addr.Loc.City,12,,YES,nvarchar,100.0,200.0,,,,,,,UNICODE,,,SQL_Latin1_General_CP1_CI_AS,,,
207,AdventureWorks2017,HumanResources,vJobCandidate,Addr.PostalCode,13,,YES,nvarchar,20.0,40.0,,,,,,,UNICODE,,,SQL_Latin1_General_CP1_CI_AS,,,
208,AdventureWorks2017,HumanResources,vJobCandidate,EMail,14,,YES,nvarchar,-1.0,-1.0,,,,,,,UNICODE,,,SQL_Latin1_General_CP1_CI_AS,,,
209,AdventureWorks2017,HumanResources,vJobCandidate,WebSite,15,,YES,nvarchar,-1.0,-1.0,,,,,,,UNICODE,,,SQL_Latin1_General_CP1_CI_AS,,,
210,AdventureWorks2017,HumanResources,vJobCandidate,ModifiedDate,16,,NO,datetime,,,,,,3.0,,,,,,,,,
211,AdventureWorks2017,HumanResources,vJobCandidateEmployment,JobCandidateID,1,,NO,int,,,10.0,10.0,0.0,,,,,,,,,,
212,AdventureWorks2017,HumanResources,vJobCandidateEmployment,Emp.StartDate,2,,YES,datetime,,,,,,3.0,,,,,,,,,
213,AdventureWorks2017,HumanResources,vJobCandidateEmployment,Emp.EndDate,3,,YES,datetime,,,,,,3.0,,,,,,,,,
214,AdventureWorks2017,HumanResources,vJobCandidateEmployment,Emp.OrgName,4,,YES,nvarchar,100.0,200.0,,,,,,,UNICODE,,,SQL_Latin1_General_CP1_CI_AS,,,
215,AdventureWorks2017,HumanResources,vJobCandidateEmployment,Emp.JobTitle,5,,YES,nvarchar,100.0,200.0,,,,,,,UNICODE,,,SQL_Latin1_General_CP1_CI_AS,,,
216,AdventureWorks2017,HumanResources,vJobCandidateEmployment,Emp.Responsibility,6,,YES,nvarchar,-1.0,-1.0,,,,,,,UNICODE,,,SQL_Latin1_General_CP1_CI_AS,,,
217,AdventureWorks2017,HumanResources,vJobCandidateEmployment,Emp.FunctionCategory,7,,YES,nvarchar,-1.0,-1.0,,,,,,,UNICODE,,,SQL_Latin1_General_CP1_CI_AS,,,
218,AdventureWorks2017,HumanResources,vJobCandidateEmployment,Emp.IndustryCategory,8,,YES,nvarchar,-1.0,-1.0,,,,,,,UNICODE,,,SQL_Latin1_General_CP1_CI_AS,,,
219,AdventureWorks2017,HumanResources,vJobCandidateEmployment,Emp.Loc.CountryRegion,9,,YES,nvarchar,-1.0,-1.0,,,,,,,UNICODE,,,SQL_Latin1_General_CP1_CI_AS,,,
220,AdventureWorks2017,HumanResources,vJobCandidateEmployment,Emp.Loc.State,10,,YES,nvarchar,-1.0,-1.0,,,,,,,UNICODE,,,SQL_Latin1_General_CP1_CI_AS,,,
221,AdventureWorks2017,HumanResources,vJobCandidateEmployment,Emp.Loc.City,11,,YES,nvarchar,-1.0,-1.0,,,,,,,UNICODE,,,SQL_Latin1_General_CP1_CI_AS,,,
222,AdventureWorks2017,HumanResources,vJobCandidateEducation,JobCandidateID,1,,NO,int,,,10.0,10.0,0.0,,,,,,,,,,
223,AdventureWorks2017,HumanResources,vJobCandidateEducation,Edu.Level,2,,YES,nvarchar,-1.0,-1.0,,,,,,,UNICODE,,,SQL_Latin1_General_CP1_CI_AS,,,
224,AdventureWorks2017,HumanResources,vJobCandidateEducation,Edu.StartDate,3,,YES,datetime,,,,,,3.0,,,,,,,,,
225,AdventureWorks2017,HumanResources,vJobCandidateEducation,Edu.EndDate,4,,YES,datetime,,,,,,3.0,,,,,,,,,
226,AdventureWorks2017,HumanResources,vJobCandidateEducation,Edu.Degree,5,,YES,nvarchar,50.0,100.0,,,,,,,UNICODE,,,SQL_Latin1_General_CP1_CI_AS,,,
227,AdventureWorks2017,HumanResources,vJobCandidateEducation,Edu.Major,6,,YES,nvarchar,50.0,100.0,,,,,,,UNICODE,,,SQL_Latin1_General_CP1_CI_AS,,,
228,AdventureWorks2017,HumanResources,vJobCandidateEducation,Edu.Minor,7,,YES,nvarchar,50.0,100.0,,,,,,,UNICODE,,,SQL_Latin1_General_CP1_CI_AS,,,
229,AdventureWorks2017,HumanResources,vJobCandidateEducation,Edu.GPA,8,,YES,nvarchar,5.0,10.0,,,,,,,UNICODE,,,SQL_Latin1_General_CP1_CI_AS,,,
230,AdventureWorks2017,HumanResources,vJobCandidateEducation,Edu.GPAScale,9,,YES,nvarchar,5.0,10.0,,,,,,,UNICODE,,,SQL_Latin1_General_CP1_CI_AS,,,
231,AdventureWorks2017,HumanResources,vJobCandidateEducation,Edu.School,10,,YES,nvarchar,100.0,200.0,,,,,,,UNICODE,,,SQL_Latin1_General_CP1_CI_AS,,,
232,AdventureWorks2017,HumanResources,vJobCandidateEducation,Edu.Loc.CountryRegion,11,,YES,nvarchar,100.0,200.0,,,,,,,UNICODE,,,SQL_Latin1_General_CP1_CI_AS,,,
233,AdventureWorks2017,HumanResources,vJobCandidateEducation,Edu.Loc.State,12,,YES,nvarchar,100.0,200.0,,,,,,,UNICODE,,,SQL_Latin1_General_CP1_CI_AS,,,
234,AdventureWorks2017,HumanResources,vJobCandidateEducation,Edu.Loc.City,13,,YES,nvarchar,100.0,200.0,,,,,,,UNICODE,,,SQL_Latin1_General_CP1_CI_AS,,,
235,AdventureWorks2017,Production,vProductAndDescription,ProductID,1,,NO,int,,,10.0,10.0,0.0,,,,,,,,,,
236,AdventureWorks2017,Production,vProductAndDescription,Name,2,,NO,nvarchar,50.0,100.0,,,,,,,UNICODE,,,SQL_Latin1_General_CP1_CI_AS,AdventureWorks2017,dbo,Name
237,AdventureWorks2017,Production,vProductAndDescription,ProductModel,3,,NO,nvarchar,50.0,100.0,,,,,,,UNICODE,,,SQL_Latin1_General_CP1_CI_AS,AdventureWorks2017,dbo,Name
238,AdventureWorks2017,Production,vProductAndDescription,CultureID,4,,NO,nchar,6.0,12.0,,,,,,,UNICODE,,,SQL_Latin1_General_CP1_CI_AS,,,
239,AdventureWorks2017,Production,vProductAndDescription,Description,5,,NO,nvarchar,400.0,800.0,,,,,,,UNICODE,,,SQL_Latin1_General_CP1_CI_AS,,,
240,AdventureWorks2017,Production,vProductModelCatalogDescription,ProductModelID,1,,NO,int,,,10.0,10.0,0.0,,,,,,,,,,
241,AdventureWorks2017,Production,vProductModelCatalogDescription,Name,2,,NO,nvarchar,50.0,100.0,,,,,,,UNICODE,,,SQL_Latin1_General_CP1_CI_AS,AdventureWorks2017,dbo,Name
242,AdventureWorks2017,Production,vProductModelCatalogDescription,Summary,3,,YES,nvarchar,-1.0,-1.0,,,,,,,UNICODE,,,SQL_Latin1_General_CP1_CI_AS,,,
243,AdventureWorks2017,Production,vProductModelCatalogDescription,Manufacturer,4,,YES,nvarchar,-1.0,-1.0,,,,,,,UNICODE,,,SQL_Latin1_General_CP1_CI_AS,,,
244,AdventureWorks2017,Production,vProductModelCatalogDescription,Copyright,5,,YES,nvarchar,30.0,60.0,,,,,,,UNICODE,,,SQL_Latin1_General_CP1_CI_AS,,,
245,AdventureWorks2017,Production,vProductModelCatalogDescription,ProductURL,6,,YES,nvarchar,256.0,512.0,,,,,,,UNICODE,,,SQL_Latin1_General_CP1_CI_AS,,,
246,AdventureWorks2017,Production,vProductModelCatalogDescription,WarrantyPeriod,7,,YES,nvarchar,256.0,512.0,,,,,,,UNICODE,,,SQL_Latin1_General_CP1_CI_AS,,,
247,AdventureWorks2017,Production,vProductModelCatalogDescription,WarrantyDescription,8,,YES,nvarchar,256.0,512.0,,,,,,,UNICODE,,,SQL_Latin1_General_CP1_CI_AS,,,
248,AdventureWorks2017,Production,vProductModelCatalogDescription,NoOfYears,9,,YES,nvarchar,256.0,512.0,,,,,,,UNICODE,,,SQL_Latin1_General_CP1_CI_AS,,,
249,AdventureWorks2017,Production,vProductModelCatalogDescription,MaintenanceDescription,10,,YES,nvarchar,256.0,512.0,,,,,,,UNICODE,,,SQL_Latin1_General_CP1_CI_AS,,,
250,AdventureWorks2017,Production,vProductModelCatalogDescription,Wheel,11,,YES,nvarchar,256.0,512.0,,,,,,,UNICODE,,,SQL_Latin1_General_CP1_CI_AS,,,
251,AdventureWorks2017,Production,vProductModelCatalogDescription,Saddle,12,,YES,nvarchar,256.0,512.0,,,,,,,UNICODE,,,SQL_Latin1_General_CP1_CI_AS,,,
252,AdventureWorks2017,Production,vProductModelCatalogDescription,Pedal,13,,YES,nvarchar,256.0,512.0,,,,,,,UNICODE,,,SQL_Latin1_General_CP1_CI_AS,,,
253,AdventureWorks2017,Production,vProductModelCatalogDescription,BikeFrame,14,,YES,nvarchar,-1.0,-1.0,,,,,,,UNICODE,,,SQL_Latin1_General_CP1_CI_AS,,,
254,AdventureWorks2017,Production,vProductModelCatalogDescription,Crankset,15,,YES,nvarchar,256.0,512.0,,,,,,,UNICODE,,,SQL_Latin1_General_CP1_CI_AS,,,
255,AdventureWorks2017,Production,vProductModelCatalogDescription,PictureAngle,16,,YES,nvarchar,256.0,512.0,,,,,,,UNICODE,,,SQL_Latin1_General_CP1_CI_AS,,,
256,AdventureWorks2017,Production,vProductModelCatalogDescription,PictureSize,17,,YES,nvarchar,256.0,512.0,,,,,,,UNICODE,,,SQL_Latin1_General_CP1_CI_AS,,,
257,AdventureWorks2017,Production,vProductModelCatalogDescription,ProductPhotoID,18,,YES,nvarchar,256.0,512.0,,,,,,,UNICODE,,,SQL_Latin1_General_CP1_CI_AS,,,
258,AdventureWorks2017,Production,vProductModelCatalogDescription,Material,19,,YES,nvarchar,256.0,512.0,,,,,,,UNICODE,,,SQL_Latin1_General_CP1_CI_AS,,,
259,AdventureWorks2017,Production,vProductModelCatalogDescription,Color,20,,YES,nvarchar,256.0,512.0,,,,,,,UNICODE,,,SQL_Latin1_General_CP1_CI_AS,,,
260,AdventureWorks2017,Production,vProductModelCatalogDescription,ProductLine,21,,YES,nvarchar,256.0,512.0,,,,,,,UNICODE,,,SQL_Latin1_General_CP1_CI_AS,,,
261,AdventureWorks2017,Production,vProductModelCatalogDescription,Style,22,,YES,nvarchar,256.0,512.0,,,,,,,UNICODE,,,SQL_Latin1_General_CP1_CI_AS,,,
262,AdventureWorks2017,Production,vProductModelCatalogDescription,RiderExperience,23,,YES,nvarchar,1024.0,2048.0,,,,,,,UNICODE,,,SQL_Latin1_General_CP1_CI_AS,,,
263,AdventureWorks2017,Production,vProductModelCatalogDescription,rowguid,24,,NO,uniqueidentifier,,,,,,,,,,,,,,,
264,AdventureWorks2017,Production,vProductModelCatalogDescription,ModifiedDate,25,,NO,datetime,,,,,,3.0,,,,,,,,,
265,AdventureWorks2017,Production,vProductModelInstructions,ProductModelID,1,,NO,int,,,10.0,10.0,0.0,,,,,,,,,,
266,AdventureWorks2017,Production,vProductModelInstructions,Name,2,,NO,nvarchar,50.0,100.0,,,,,,,UNICODE,,,SQL_Latin1_General_CP1_CI_AS,AdventureWorks2017,dbo,Name
267,AdventureWorks2017,Production,vProductModelInstructions,Instructions,3,,YES,nvarchar,-1.0,-1.0,,,,,,,UNICODE,,,SQL_Latin1_General_CP1_CI_AS,,,
268,AdventureWorks2017,Production,vProductModelInstructions,LocationID,4,,YES,int,,,10.0,10.0,0.0,,,,,,,,,,
269,AdventureWorks2017,Production,vProductModelInstructions,SetupHours,5,,YES,decimal,,,9.0,10.0,4.0,,,,,,,,,,
270,AdventureWorks2017,Production,vProductModelInstructions,MachineHours,6,,YES,decimal,,,9.0,10.0,4.0,,,,,,,,,,
271,AdventureWorks2017,Production,vProductModelInstructions,LaborHours,7,,YES,decimal,,,9.0,10.0,4.0,,,,,,,,,,
272,AdventureWorks2017,Production,vProductModelInstructions,LotSize,8,,YES,int,,,10.0,10.0,0.0,,,,,,,,,,
273,AdventureWorks2017,Production,vProductModelInstructions,Step,9,,YES,nvarchar,1024.0,2048.0,,,,,,,UNICODE,,,SQL_Latin1_General_CP1_CI_AS,,,
274,AdventureWorks2017,Production,vProductModelInstructions,rowguid,10,,NO,uniqueidentifier,,,,,,,,,,,,,,,
275,AdventureWorks2017,Production,vProductModelInstructions,ModifiedDate,11,,NO,datetime,,,,,,3.0,,,,,,,,,
276,AdventureWorks2017,Sales,vSalesPerson,BusinessEntityID,1,,NO,int,,,10.0,10.0,0.0,,,,,,,,,,
277,AdventureWorks2017,Sales,vSalesPerson,Title,2,,YES,nvarchar,8.0,16.0,,,,,,,UNICODE,,,SQL_Latin1_General_CP1_CI_AS,,,
278,AdventureWorks2017,Sales,vSalesPerson,FirstName,3,,NO,nvarchar,50.0,100.0,,,,,,,UNICODE,,,SQL_Latin1_General_CP1_CI_AS,AdventureWorks2017,dbo,Name
279,AdventureWorks2017,Sales,vSalesPerson,MiddleName,4,,YES,nvarchar,50.0,100.0,,,,,,,UNICODE,,,SQL_Latin1_General_CP1_CI_AS,AdventureWorks2017,dbo,Name
280,AdventureWorks2017,Sales,vSalesPerson,LastName,5,,NO,nvarchar,50.0,100.0,,,,,,,UNICODE,,,SQL_Latin1_General_CP1_CI_AS,AdventureWorks2017,dbo,Name
281,AdventureWorks2017,Sales,vSalesPerson,Suffix,6,,YES,nvarchar,10.0,20.0,,,,,,,UNICODE,,,SQL_Latin1_General_CP1_CI_AS,,,
282,AdventureWorks2017,Sales,vSalesPerson,JobTitle,7,,NO,nvarchar,50.0,100.0,,,,,,,UNICODE,,,SQL_Latin1_General_CP1_CI_AS,,,
283,AdventureWorks2017,Sales,vSalesPerson,PhoneNumber,8,,YES,nvarchar,25.0,50.0,,,,,,,UNICODE,,,SQL_Latin1_General_CP1_CI_AS,AdventureWorks2017,dbo,Phone
284,AdventureWorks2017,Sales,vSalesPerson,PhoneNumberType,9,,YES,nvarchar,50.0,100.0,,,,,,,UNICODE,,,SQL_Latin1_General_CP1_CI_AS,AdventureWorks2017,dbo,Name
285,AdventureWorks2017,Sales,vSalesPerson,EmailAddress,10,,YES,nvarchar,50.0,100.0,,,,,,,UNICODE,,,SQL_Latin1_General_CP1_CI_AS,,,
286,AdventureWorks2017,Sales,vSalesPerson,EmailPromotion,11,,NO,int,,,10.0,10.0,0.0,,,,,,,,,,
287,AdventureWorks2017,Sales,vSalesPerson,AddressLine1,12,,NO,nvarchar,60.0,120.0,,,,,,,UNICODE,,,SQL_Latin1_General_CP1_CI_AS,,,
288,AdventureWorks2017,Sales,vSalesPerson,AddressLine2,13,,YES,nvarchar,60.0,120.0,,,,,,,UNICODE,,,SQL_Latin1_General_CP1_CI_AS,,,
289,AdventureWorks2017,Sales,vSalesPerson,City,14,,NO,nvarchar,30.0,60.0,,,,,,,UNICODE,,,SQL_Latin1_General_CP1_CI_AS,,,
290,AdventureWorks2017,Sales,vSalesPerson,StateProvinceName,15,,NO,nvarchar,50.0,100.0,,,,,,,UNICODE,,,SQL_Latin1_General_CP1_CI_AS,AdventureWorks2017,dbo,Name
291,AdventureWorks2017,Sales,vSalesPerson,PostalCode,16,,NO,nvarchar,15.0,30.0,,,,,,,UNICODE,,,SQL_Latin1_General_CP1_CI_AS,,,
292,AdventureWorks2017,Sales,vSalesPerson,CountryRegionName,17,,NO,nvarchar,50.0,100.0,,,,,,,UNICODE,,,SQL_Latin1_General_CP1_CI_AS,AdventureWorks2017,dbo,Name
293,AdventureWorks2017,Sales,vSalesPerson,TerritoryName,18,,YES,nvarchar,50.0,100.0,,,,,,,UNICODE,,,SQL_Latin1_General_CP1_CI_AS,AdventureWorks2017,dbo,Name
294,AdventureWorks2017,Sales,vSalesPerson,TerritoryGroup,19,,YES,nvarchar,50.0,100.0,,,,,,,UNICODE,,,SQL_Latin1_General_CP1_CI_AS,,,
295,AdventureWorks2017,Sales,vSalesPerson,SalesQuota,20,,YES,money,,,19.0,10.0,4.0,,,,,,,,,,
296,AdventureWorks2017,Sales,vSalesPerson,SalesYTD,21,,NO,money,,,19.0,10.0,4.0,,,,,,,,,,
297,AdventureWorks2017,Sales,vSalesPerson,SalesLastYear,22,,NO,money,,,19.0,10.0,4.0,,,,,,,,,,
298,AdventureWorks2017,Sales,SalesTerritoryHistory,BusinessEntityID,1,,NO,int,,,10.0,10.0,0.0,,,,,,,,,,
299,AdventureWorks2017,Sales,SalesTerritoryHistory,TerritoryID,2,,NO,int,,,10.0,10.0,0.0,,,,,,,,,,
300,AdventureWorks2017,Sales,SalesTerritoryHistory,StartDate,3,,NO,datetime,,,,,,3.0,,,,,,,,,
301,AdventureWorks2017,Sales,SalesTerritoryHistory,EndDate,4,,YES,datetime,,,,,,3.0,,,,,,,,,
302,AdventureWorks2017,Sales,SalesTerritoryHistory,rowguid,5,(newid()),NO,uniqueidentifier,,,,,,,,,,,,,,,
303,AdventureWorks2017,Sales,SalesTerritoryHistory,ModifiedDate,6,(getdate()),NO,datetime,,,,,,3.0,,,,,,,,,
304,AdventureWorks2017,Sales,vSalesPersonSalesByFiscalYears,SalesPersonID,1,,YES,int,,,10.0,10.0,0.0,,,,,,,,,,
305,AdventureWorks2017,Sales,vSalesPersonSalesByFiscalYears,FullName,2,,YES,nvarchar,152.0,304.0,,,,,,,UNICODE,,,SQL_Latin1_General_CP1_CI_AS,,,
306,AdventureWorks2017,Sales,vSalesPersonSalesByFiscalYears,JobTitle,3,,NO,nvarchar,50.0,100.0,,,,,,,UNICODE,,,SQL_Latin1_General_CP1_CI_AS,,,
307,AdventureWorks2017,Sales,vSalesPersonSalesByFiscalYears,SalesTerritory,4,,NO,nvarchar,50.0,100.0,,,,,,,UNICODE,,,SQL_Latin1_General_CP1_CI_AS,AdventureWorks2017,dbo,Name
308,AdventureWorks2017,Sales,vSalesPersonSalesByFiscalYears,2002,5,,YES,money,,,19.0,10.0,4.0,,,,,,,,,,
309,AdventureWorks2017,Sales,vSalesPersonSalesByFiscalYears,2003,6,,YES,money,,,19.0,10.0,4.0,,,,,,,,,,
310,AdventureWorks2017,Sales,vSalesPersonSalesByFiscalYears,2004,7,,YES,money,,,19.0,10.0,4.0,,,,,,,,,,
311,AdventureWorks2017,Person,vStateProvinceCountryRegion,StateProvinceID,1,,NO,int,,,10.0,10.0,0.0,,,,,,,,,,
312,AdventureWorks2017,Person,vStateProvinceCountryRegion,StateProvinceCode,2,,NO,nchar,3.0,6.0,,,,,,,UNICODE,,,SQL_Latin1_General_CP1_CI_AS,,,
313,AdventureWorks2017,Person,vStateProvinceCountryRegion,IsOnlyStateProvinceFlag,3,,NO,bit,,,,,,,,,,,,,AdventureWorks2017,dbo,Flag
314,AdventureWorks2017,Person,vStateProvinceCountryRegion,StateProvinceName,4,,NO,nvarchar,50.0,100.0,,,,,,,UNICODE,,,SQL_Latin1_General_CP1_CI_AS,AdventureWorks2017,dbo,Name
315,AdventureWorks2017,Person,vStateProvinceCountryRegion,TerritoryID,5,,NO,int,,,10.0,10.0,0.0,,,,,,,,,,
316,AdventureWorks2017,Person,vStateProvinceCountryRegion,CountryRegionCode,6,,NO,nvarchar,3.0,6.0,,,,,,,UNICODE,,,SQL_Latin1_General_CP1_CI_AS,,,
317,AdventureWorks2017,Person,vStateProvinceCountryRegion,CountryRegionName,7,,NO,nvarchar,50.0,100.0,,,,,,,UNICODE,,,SQL_Latin1_General_CP1_CI_AS,AdventureWorks2017,dbo,Name
318,AdventureWorks2017,Sales,vStoreWithDemographics,BusinessEntityID,1,,NO,int,,,10.0,10.0,0.0,,,,,,,,,,
319,AdventureWorks2017,Sales,vStoreWithDemographics,Name,2,,NO,nvarchar,50.0,100.0,,,,,,,UNICODE,,,SQL_Latin1_General_CP1_CI_AS,AdventureWorks2017,dbo,Name
320,AdventureWorks2017,Sales,vStoreWithDemographics,AnnualSales,3,,YES,money,,,19.0,10.0,4.0,,,,,,,,,,
321,AdventureWorks2017,Sales,vStoreWithDemographics,AnnualRevenue,4,,YES,money,,,19.0,10.0,4.0,,,,,,,,,,
322,AdventureWorks2017,Sales,vStoreWithDemographics,BankName,5,,YES,nvarchar,50.0,100.0,,,,,,,UNICODE,,,SQL_Latin1_General_CP1_CI_AS,,,
323,AdventureWorks2017,Sales,vStoreWithDemographics,BusinessType,6,,YES,nvarchar,5.0,10.0,,,,,,,UNICODE,,,SQL_Latin1_General_CP1_CI_AS,,,
324,AdventureWorks2017,Sales,vStoreWithDemographics,YearOpened,7,,YES,int,,,10.0,10.0,0.0,,,,,,,,,,
325,AdventureWorks2017,Sales,vStoreWithDemographics,Specialty,8,,YES,nvarchar,50.0,100.0,,,,,,,UNICODE,,,SQL_Latin1_General_CP1_CI_AS,,,
326,AdventureWorks2017,Sales,vStoreWithDemographics,SquareFeet,9,,YES,int,,,10.0,10.0,0.0,,,,,,,,,,
327,AdventureWorks2017,Sales,vStoreWithDemographics,Brands,10,,YES,nvarchar,30.0,60.0,,,,,,,UNICODE,,,SQL_Latin1_General_CP1_CI_AS,,,
328,AdventureWorks2017,Sales,vStoreWithDemographics,Internet,11,,YES,nvarchar,30.0,60.0,,,,,,,UNICODE,,,SQL_Latin1_General_CP1_CI_AS,,,
329,AdventureWorks2017,Sales,vStoreWithDemographics,NumberEmployees,12,,YES,int,,,10.0,10.0,0.0,,,,,,,,,,
330,AdventureWorks2017,Sales,vStoreWithContacts,BusinessEntityID,1,,NO,int,,,10.0,10.0,0.0,,,,,,,,,,
331,AdventureWorks2017,Sales,vStoreWithContacts,Name,2,,NO,nvarchar,50.0,100.0,,,,,,,UNICODE,,,SQL_Latin1_General_CP1_CI_AS,AdventureWorks2017,dbo,Name
332,AdventureWorks2017,Sales,vStoreWithContacts,ContactType,3,,NO,nvarchar,50.0,100.0,,,,,,,UNICODE,,,SQL_Latin1_General_CP1_CI_AS,AdventureWorks2017,dbo,Name
333,AdventureWorks2017,Sales,vStoreWithContacts,Title,4,,YES,nvarchar,8.0,16.0,,,,,,,UNICODE,,,SQL_Latin1_General_CP1_CI_AS,,,
334,AdventureWorks2017,Sales,vStoreWithContacts,FirstName,5,,NO,nvarchar,50.0,100.0,,,,,,,UNICODE,,,SQL_Latin1_General_CP1_CI_AS,AdventureWorks2017,dbo,Name
335,AdventureWorks2017,Sales,vStoreWithContacts,MiddleName,6,,YES,nvarchar,50.0,100.0,,,,,,,UNICODE,,,SQL_Latin1_General_CP1_CI_AS,AdventureWorks2017,dbo,Name
336,AdventureWorks2017,Sales,vStoreWithContacts,LastName,7,,NO,nvarchar,50.0,100.0,,,,,,,UNICODE,,,SQL_Latin1_General_CP1_CI_AS,AdventureWorks2017,dbo,Name
337,AdventureWorks2017,Sales,vStoreWithContacts,Suffix,8,,YES,nvarchar,10.0,20.0,,,,,,,UNICODE,,,SQL_Latin1_General_CP1_CI_AS,,,
338,AdventureWorks2017,Sales,vStoreWithContacts,PhoneNumber,9,,YES,nvarchar,25.0,50.0,,,,,,,UNICODE,,,SQL_Latin1_General_CP1_CI_AS,AdventureWorks2017,dbo,Phone
339,AdventureWorks2017,Sales,vStoreWithContacts,PhoneNumberType,10,,YES,nvarchar,50.0,100.0,,,,,,,UNICODE,,,SQL_Latin1_General_CP1_CI_AS,AdventureWorks2017,dbo,Name
340,AdventureWorks2017,Sales,vStoreWithContacts,EmailAddress,11,,YES,nvarchar,50.0,100.0,,,,,,,UNICODE,,,SQL_Latin1_General_CP1_CI_AS,,,
341,AdventureWorks2017,Sales,vStoreWithContacts,EmailPromotion,12,,NO,int,,,10.0,10.0,0.0,,,,,,,,,,
342,AdventureWorks2017,Production,ScrapReason,ScrapReasonID,1,,NO,smallint,,,5.0,10.0,0.0,,,,,,,,,,
343,AdventureWorks2017,Production,ScrapReason,Name,2,,NO,nvarchar,50.0,100.0,,,,,,,UNICODE,,,SQL_Latin1_General_CP1_CI_AS,AdventureWorks2017,dbo,Name
344,AdventureWorks2017,Production,ScrapReason,ModifiedDate,3,(getdate()),NO,datetime,,,,,,3.0,,,,,,,,,
345,AdventureWorks2017,Sales,vStoreWithAddresses,BusinessEntityID,1,,NO,int,,,10.0,10.0,0.0,,,,,,,,,,
346,AdventureWorks2017,Sales,vStoreWithAddresses,Name,2,,NO,nvarchar,50.0,100.0,,,,,,,UNICODE,,,SQL_Latin1_General_CP1_CI_AS,AdventureWorks2017,dbo,Name
347,AdventureWorks2017,Sales,vStoreWithAddresses,AddressType,3,,NO,nvarchar,50.0,100.0,,,,,,,UNICODE,,,SQL_Latin1_General_CP1_CI_AS,AdventureWorks2017,dbo,Name
348,AdventureWorks2017,Sales,vStoreWithAddresses,AddressLine1,4,,NO,nvarchar,60.0,120.0,,,,,,,UNICODE,,,SQL_Latin1_General_CP1_CI_AS,,,
349,AdventureWorks2017,Sales,vStoreWithAddresses,AddressLine2,5,,YES,nvarchar,60.0,120.0,,,,,,,UNICODE,,,SQL_Latin1_General_CP1_CI_AS,,,
350,AdventureWorks2017,Sales,vStoreWithAddresses,City,6,,NO,nvarchar,30.0,60.0,,,,,,,UNICODE,,,SQL_Latin1_General_CP1_CI_AS,,,
351,AdventureWorks2017,Sales,vStoreWithAddresses,StateProvinceName,7,,NO,nvarchar,50.0,100.0,,,,,,,UNICODE,,,SQL_Latin1_General_CP1_CI_AS,AdventureWorks2017,dbo,Name
352,AdventureWorks2017,Sales,vStoreWithAddresses,PostalCode,8,,NO,nvarchar,15.0,30.0,,,,,,,UNICODE,,,SQL_Latin1_General_CP1_CI_AS,,,
353,AdventureWorks2017,Sales,vStoreWithAddresses,CountryRegionName,9,,NO,nvarchar,50.0,100.0,,,,,,,UNICODE,,,SQL_Latin1_General_CP1_CI_AS,AdventureWorks2017,dbo,Name
354,AdventureWorks2017,Purchasing,vVendorWithContacts,BusinessEntityID,1,,NO,int,,,10.0,10.0,0.0,,,,,,,,,,
355,AdventureWorks2017,Purchasing,vVendorWithContacts,Name,2,,NO,nvarchar,50.0,100.0,,,,,,,UNICODE,,,SQL_Latin1_General_CP1_CI_AS,AdventureWorks2017,dbo,Name
356,AdventureWorks2017,Purchasing,vVendorWithContacts,ContactType,3,,NO,nvarchar,50.0,100.0,,,,,,,UNICODE,,,SQL_Latin1_General_CP1_CI_AS,AdventureWorks2017,dbo,Name
357,AdventureWorks2017,Purchasing,vVendorWithContacts,Title,4,,YES,nvarchar,8.0,16.0,,,,,,,UNICODE,,,SQL_Latin1_General_CP1_CI_AS,,,
358,AdventureWorks2017,Purchasing,vVendorWithContacts,FirstName,5,,NO,nvarchar,50.0,100.0,,,,,,,UNICODE,,,SQL_Latin1_General_CP1_CI_AS,AdventureWorks2017,dbo,Name
359,AdventureWorks2017,Purchasing,vVendorWithContacts,MiddleName,6,,YES,nvarchar,50.0,100.0,,,,,,,UNICODE,,,SQL_Latin1_General_CP1_CI_AS,AdventureWorks2017,dbo,Name
360,AdventureWorks2017,Purchasing,vVendorWithContacts,LastName,7,,NO,nvarchar,50.0,100.0,,,,,,,UNICODE,,,SQL_Latin1_General_CP1_CI_AS,AdventureWorks2017,dbo,Name
361,AdventureWorks2017,Purchasing,vVendorWithContacts,Suffix,8,,YES,nvarchar,10.0,20.0,,,,,,,UNICODE,,,SQL_Latin1_General_CP1_CI_AS,,,
362,AdventureWorks2017,Purchasing,vVendorWithContacts,PhoneNumber,9,,YES,nvarchar,25.0,50.0,,,,,,,UNICODE,,,SQL_Latin1_General_CP1_CI_AS,AdventureWorks2017,dbo,Phone
363,AdventureWorks2017,Purchasing,vVendorWithContacts,PhoneNumberType,10,,YES,nvarchar,50.0,100.0,,,,,,,UNICODE,,,SQL_Latin1_General_CP1_CI_AS,AdventureWorks2017,dbo,Name
364,AdventureWorks2017,Purchasing,vVendorWithContacts,EmailAddress,11,,YES,nvarchar,50.0,100.0,,,,,,,UNICODE,,,SQL_Latin1_General_CP1_CI_AS,,,
365,AdventureWorks2017,Purchasing,vVendorWithContacts,EmailPromotion,12,,NO,int,,,10.0,10.0,0.0,,,,,,,,,,
366,AdventureWorks2017,HumanResources,Shift,ShiftID,1,,NO,tinyint,,,3.0,10.0,0.0,,,,,,,,,,
367,AdventureWorks2017,HumanResources,Shift,Name,2,,NO,nvarchar,50.0,100.0,,,,,,,UNICODE,,,SQL_Latin1_General_CP1_CI_AS,AdventureWorks2017,dbo,Name
368,AdventureWorks2017,HumanResources,Shift,StartTime,3,,NO,time,,,,,,7.0,,,,,,,,,
369,AdventureWorks2017,HumanResources,Shift,EndTime,4,,NO,time,,,,,,7.0,,,,,,,,,
370,AdventureWorks2017,HumanResources,Shift,ModifiedDate,5,(getdate()),NO,datetime,,,,,,3.0,,,,,,,,,
371,AdventureWorks2017,Purchasing,vVendorWithAddresses,BusinessEntityID,1,,NO,int,,,10.0,10.0,0.0,,,,,,,,,,
372,AdventureWorks2017,Purchasing,vVendorWithAddresses,Name,2,,NO,nvarchar,50.0,100.0,,,,,,,UNICODE,,,SQL_Latin1_General_CP1_CI_AS,AdventureWorks2017,dbo,Name
373,AdventureWorks2017,Purchasing,vVendorWithAddresses,AddressType,3,,NO,nvarchar,50.0,100.0,,,,,,,UNICODE,,,SQL_Latin1_General_CP1_CI_AS,AdventureWorks2017,dbo,Name
374,AdventureWorks2017,Purchasing,vVendorWithAddresses,AddressLine1,4,,NO,nvarchar,60.0,120.0,,,,,,,UNICODE,,,SQL_Latin1_General_CP1_CI_AS,,,
375,AdventureWorks2017,Purchasing,vVendorWithAddresses,AddressLine2,5,,YES,nvarchar,60.0,120.0,,,,,,,UNICODE,,,SQL_Latin1_General_CP1_CI_AS,,,
376,AdventureWorks2017,Purchasing,vVendorWithAddresses,City,6,,NO,nvarchar,30.0,60.0,,,,,,,UNICODE,,,SQL_Latin1_General_CP1_CI_AS,,,
377,AdventureWorks2017,Purchasing,vVendorWithAddresses,StateProvinceName,7,,NO,nvarchar,50.0,100.0,,,,,,,UNICODE,,,SQL_Latin1_General_CP1_CI_AS,AdventureWorks2017,dbo,Name
378,AdventureWorks2017,Purchasing,vVendorWithAddresses,PostalCode,8,,NO,nvarchar,15.0,30.0,,,,,,,UNICODE,,,SQL_Latin1_General_CP1_CI_AS,,,
379,AdventureWorks2017,Purchasing,vVendorWithAddresses,CountryRegionName,9,,NO,nvarchar,50.0,100.0,,,,,,,UNICODE,,,SQL_Latin1_General_CP1_CI_AS,AdventureWorks2017,dbo,Name
380,AdventureWorks2017,Production,ProductCategory,ProductCategoryID,1,,NO,int,,,10.0,10.0,0.0,,,,,,,,,,
381,AdventureWorks2017,Production,ProductCategory,Name,2,,NO,nvarchar,50.0,100.0,,,,,,,UNICODE,,,SQL_Latin1_General_CP1_CI_AS,AdventureWorks2017,dbo,Name
382,AdventureWorks2017,Production,ProductCategory,rowguid,3,(newid()),NO,uniqueidentifier,,,,,,,,,,,,,,,
383,AdventureWorks2017,Production,ProductCategory,ModifiedDate,4,(getdate()),NO,datetime,,,,,,3.0,,,,,,,,,
384,AdventureWorks2017,Purchasing,ShipMethod,ShipMethodID,1,,NO,int,,,10.0,10.0,0.0,,,,,,,,,,
385,AdventureWorks2017,Purchasing,ShipMethod,Name,2,,NO,nvarchar,50.0,100.0,,,,,,,UNICODE,,,SQL_Latin1_General_CP1_CI_AS,AdventureWorks2017,dbo,Name
386,AdventureWorks2017,Purchasing,ShipMethod,ShipBase,3,((0.00)),NO,money,,,19.0,10.0,4.0,,,,,,,,,,
387,AdventureWorks2017,Purchasing,ShipMethod,ShipRate,4,((0.00)),NO,money,,,19.0,10.0,4.0,,,,,,,,,,
388,AdventureWorks2017,Purchasing,ShipMethod,rowguid,5,(newid()),NO,uniqueidentifier,,,,,,,,,,,,,,,
389,AdventureWorks2017,Purchasing,ShipMethod,ModifiedDate,6,(getdate()),NO,datetime,,,,,,3.0,,,,,,,,,
390,AdventureWorks2017,Production,ProductCostHistory,ProductID,1,,NO,int,,,10.0,10.0,0.0,,,,,,,,,,
391,AdventureWorks2017,Production,ProductCostHistory,StartDate,2,,NO,datetime,,,,,,3.0,,,,,,,,,
392,AdventureWorks2017,Production,ProductCostHistory,EndDate,3,,YES,datetime,,,,,,3.0,,,,,,,,,
393,AdventureWorks2017,Production,ProductCostHistory,StandardCost,4,,NO,money,,,19.0,10.0,4.0,,,,,,,,,,
394,AdventureWorks2017,Production,ProductCostHistory,ModifiedDate,5,(getdate()),NO,datetime,,,,,,3.0,,,,,,,,,
395,AdventureWorks2017,Production,ProductDescription,ProductDescriptionID,1,,NO,int,,,10.0,10.0,0.0,,,,,,,,,,
396,AdventureWorks2017,Production,ProductDescription,Description,2,,NO,nvarchar,400.0,800.0,,,,,,,UNICODE,,,SQL_Latin1_General_CP1_CI_AS,,,
397,AdventureWorks2017,Production,ProductDescription,rowguid,3,(newid()),NO,uniqueidentifier,,,,,,,,,,,,,,,
398,AdventureWorks2017,Production,ProductDescription,ModifiedDate,4,(getdate()),NO,datetime,,,,,,3.0,,,,,,,,,
399,AdventureWorks2017,Sales,ShoppingCartItem,ShoppingCartItemID,1,,NO,int,,,10.0,10.0,0.0,,,,,,,,,,
400,AdventureWorks2017,Sales,ShoppingCartItem,ShoppingCartID,2,,NO,nvarchar,50.0,100.0,,,,,,,UNICODE,,,SQL_Latin1_General_CP1_CI_AS,,,
401,AdventureWorks2017,Sales,ShoppingCartItem,Quantity,3,((1)),NO,int,,,10.0,10.0,0.0,,,,,,,,,,
402,AdventureWorks2017,Sales,ShoppingCartItem,ProductID,4,,NO,int,,,10.0,10.0,0.0,,,,,,,,,,
403,AdventureWorks2017,Sales,ShoppingCartItem,DateCreated,5,(getdate()),NO,datetime,,,,,,3.0,,,,,,,,,
404,AdventureWorks2017,Sales,ShoppingCartItem,ModifiedDate,6,(getdate()),NO,datetime,,,,,,3.0,,,,,,,,,
405,AdventureWorks2017,Production,ProductDocument,ProductID,1,,NO,int,,,10.0,10.0,0.0,,,,,,,,,,
406,AdventureWorks2017,Production,ProductDocument,DocumentNode,2,,NO,hierarchyid,892.0,892.0,,,,,,,,,,,,,
407,AdventureWorks2017,Production,ProductDocument,ModifiedDate,3,(getdate()),NO,datetime,,,,,,3.0,,,,,,,,,
408,AdventureWorks2017,dbo,DatabaseLog,DatabaseLogID,1,,NO,int,,,10.0,10.0,0.0,,,,,,,,,,
409,AdventureWorks2017,dbo,DatabaseLog,PostTime,2,,NO,datetime,,,,,,3.0,,,,,,,,,
410,AdventureWorks2017,dbo,DatabaseLog,DatabaseUser,3,,NO,nvarchar,128.0,256.0,,,,,,,UNICODE,,,SQL_Latin1_General_CP1_CI_AS,,,
411,AdventureWorks2017,dbo,DatabaseLog,Event,4,,NO,nvarchar,128.0,256.0,,,,,,,UNICODE,,,SQL_Latin1_General_CP1_CI_AS,,,
412,AdventureWorks2017,dbo,DatabaseLog,Schema,5,,YES,nvarchar,128.0,256.0,,,,,,,UNICODE,,,SQL_Latin1_General_CP1_CI_AS,,,
413,AdventureWorks2017,dbo,DatabaseLog,Object,6,,YES,nvarchar,128.0,256.0,,,,,,,UNICODE,,,SQL_Latin1_General_CP1_CI_AS,,,
414,AdventureWorks2017,dbo,DatabaseLog,TSQL,7,,NO,nvarchar,-1.0,-1.0,,,,,,,UNICODE,,,SQL_Latin1_General_CP1_CI_AS,,,
415,AdventureWorks2017,dbo,DatabaseLog,XmlEvent,8,,NO,xml,-1.0,-1.0,,,,,,,,,,,,,
416,AdventureWorks2017,Production,ProductInventory,ProductID,1,,NO,int,,,10.0,10.0,0.0,,,,,,,,,,
417,AdventureWorks2017,Production,ProductInventory,LocationID,2,,NO,smallint,,,5.0,10.0,0.0,,,,,,,,,,
418,AdventureWorks2017,Production,ProductInventory,Shelf,3,,NO,nvarchar,10.0,20.0,,,,,,,UNICODE,,,SQL_Latin1_General_CP1_CI_AS,,,
419,AdventureWorks2017,Production,ProductInventory,Bin,4,,NO,tinyint,,,3.0,10.0,0.0,,,,,,,,,,
420,AdventureWorks2017,Production,ProductInventory,Quantity,5,((0)),NO,smallint,,,5.0,10.0,0.0,,,,,,,,,,
421,AdventureWorks2017,Production,ProductInventory,rowguid,6,(newid()),NO,uniqueidentifier,,,,,,,,,,,,,,,
422,AdventureWorks2017,Production,ProductInventory,ModifiedDate,7,(getdate()),NO,datetime,,,,,,3.0,,,,,,,,,
423,AdventureWorks2017,Sales,SpecialOffer,SpecialOfferID,1,,NO,int,,,10.0,10.0,0.0,,,,,,,,,,
424,AdventureWorks2017,Sales,SpecialOffer,Description,2,,NO,nvarchar,255.0,510.0,,,,,,,UNICODE,,,SQL_Latin1_General_CP1_CI_AS,,,
425,AdventureWorks2017,Sales,SpecialOffer,DiscountPct,3,((0.00)),NO,smallmoney,,,10.0,10.0,4.0,,,,,,,,,,
426,AdventureWorks2017,Sales,SpecialOffer,Type,4,,NO,nvarchar,50.0,100.0,,,,,,,UNICODE,,,SQL_Latin1_General_CP1_CI_AS,,,
427,AdventureWorks2017,Sales,SpecialOffer,Category,5,,NO,nvarchar,50.0,100.0,,,,,,,UNICODE,,,SQL_Latin1_General_CP1_CI_AS,,,
428,AdventureWorks2017,Sales,SpecialOffer,StartDate,6,,NO,datetime,,,,,,3.0,,,,,,,,,
429,AdventureWorks2017,Sales,SpecialOffer,EndDate,7,,NO,datetime,,,,,,3.0,,,,,,,,,
430,AdventureWorks2017,Sales,SpecialOffer,MinQty,8,((0)),NO,int,,,10.0,10.0,0.0,,,,,,,,,,
431,AdventureWorks2017,Sales,SpecialOffer,MaxQty,9,,YES,int,,,10.0,10.0,0.0,,,,,,,,,,
432,AdventureWorks2017,Sales,SpecialOffer,rowguid,10,(newid()),NO,uniqueidentifier,,,,,,,,,,,,,,,
433,AdventureWorks2017,Sales,SpecialOffer,ModifiedDate,11,(getdate()),NO,datetime,,,,,,3.0,,,,,,,,,
434,AdventureWorks2017,dbo,ErrorLog,ErrorLogID,1,,NO,int,,,10.0,10.0,0.0,,,,,,,,,,
435,AdventureWorks2017,dbo,ErrorLog,ErrorTime,2,(getdate()),NO,datetime,,,,,,3.0,,,,,,,,,
436,AdventureWorks2017,dbo,ErrorLog,UserName,3,,NO,nvarchar,128.0,256.0,,,,,,,UNICODE,,,SQL_Latin1_General_CP1_CI_AS,,,
437,AdventureWorks2017,dbo,ErrorLog,ErrorNumber,4,,NO,int,,,10.0,10.0,0.0,,,,,,,,,,
438,AdventureWorks2017,dbo,ErrorLog,ErrorSeverity,5,,YES,int,,,10.0,10.0,0.0,,,,,,,,,,
439,AdventureWorks2017,dbo,ErrorLog,ErrorState,6,,YES,int,,,10.0,10.0,0.0,,,,,,,,,,
440,AdventureWorks2017,dbo,ErrorLog,ErrorProcedure,7,,YES,nvarchar,126.0,252.0,,,,,,,UNICODE,,,SQL_Latin1_General_CP1_CI_AS,,,
441,AdventureWorks2017,dbo,ErrorLog,ErrorLine,8,,YES,int,,,10.0,10.0,0.0,,,,,,,,,,
442,AdventureWorks2017,dbo,ErrorLog,ErrorMessage,9,,NO,nvarchar,4000.0,8000.0,,,,,,,UNICODE,,,SQL_Latin1_General_CP1_CI_AS,,,
443,AdventureWorks2017,Production,ProductListPriceHistory,ProductID,1,,NO,int,,,10.0,10.0,0.0,,,,,,,,,,
444,AdventureWorks2017,Production,ProductListPriceHistory,StartDate,2,,NO,datetime,,,,,,3.0,,,,,,,,,
445,AdventureWorks2017,Production,ProductListPriceHistory,EndDate,3,,YES,datetime,,,,,,3.0,,,,,,,,,
446,AdventureWorks2017,Production,ProductListPriceHistory,ListPrice,4,,NO,money,,,19.0,10.0,4.0,,,,,,,,,,
447,AdventureWorks2017,Production,ProductListPriceHistory,ModifiedDate,5,(getdate()),NO,datetime,,,,,,3.0,,,,,,,,,
448,AdventureWorks2017,Person,Address,AddressID,1,,NO,int,,,10.0,10.0,0.0,,,,,,,,,,
449,AdventureWorks2017,Person,Address,AddressLine1,2,,NO,nvarchar,60.0,120.0,,,,,,,UNICODE,,,SQL_Latin1_General_CP1_CI_AS,,,
450,AdventureWorks2017,Person,Address,AddressLine2,3,,YES,nvarchar,60.0,120.0,,,,,,,UNICODE,,,SQL_Latin1_General_CP1_CI_AS,,,
451,AdventureWorks2017,Person,Address,City,4,,NO,nvarchar,30.0,60.0,,,,,,,UNICODE,,,SQL_Latin1_General_CP1_CI_AS,,,
452,AdventureWorks2017,Person,Address,StateProvinceID,5,,NO,int,,,10.0,10.0,0.0,,,,,,,,,,
453,AdventureWorks2017,Person,Address,PostalCode,6,,NO,nvarchar,15.0,30.0,,,,,,,UNICODE,,,SQL_Latin1_General_CP1_CI_AS,,,
454,AdventureWorks2017,Person,Address,SpatialLocation,7,,YES,geography,-1.0,-1.0,,,,,,,,,,,,,
455,AdventureWorks2017,Person,Address,rowguid,8,(newid()),NO,uniqueidentifier,,,,,,,,,,,,,,,
456,AdventureWorks2017,Person,Address,ModifiedDate,9,(getdate()),NO,datetime,,,,,,3.0,,,,,,,,,
457,AdventureWorks2017,Sales,SpecialOfferProduct,SpecialOfferID,1,,NO,int,,,10.0,10.0,0.0,,,,,,,,,,
458,AdventureWorks2017,Sales,SpecialOfferProduct,ProductID,2,,NO,int,,,10.0,10.0,0.0,,,,,,,,,,
459,AdventureWorks2017,Sales,SpecialOfferProduct,rowguid,3,(newid()),NO,uniqueidentifier,,,,,,,,,,,,,,,
460,AdventureWorks2017,Sales,SpecialOfferProduct,ModifiedDate,4,(getdate()),NO,datetime,,,,,,3.0,,,,,,,,,
461,AdventureWorks2017,Production,ProductModel,ProductModelID,1,,NO,int,,,10.0,10.0,0.0,,,,,,,,,,
462,AdventureWorks2017,Production,ProductModel,Name,2,,NO,nvarchar,50.0,100.0,,,,,,,UNICODE,,,SQL_Latin1_General_CP1_CI_AS,AdventureWorks2017,dbo,Name
463,AdventureWorks2017,Production,ProductModel,CatalogDescription,3,,YES,xml,-1.0,-1.0,,,,,,,,,,,,,
464,AdventureWorks2017,Production,ProductModel,Instructions,4,,YES,xml,-1.0,-1.0,,,,,,,,,,,,,
465,AdventureWorks2017,Production,ProductModel,rowguid,5,(newid()),NO,uniqueidentifier,,,,,,,,,,,,,,,
466,AdventureWorks2017,Production,ProductModel,ModifiedDate,6,(getdate()),NO,datetime,,,,,,3.0,,,,,,,,,
467,AdventureWorks2017,Person,AddressType,AddressTypeID,1,,NO,int,,,10.0,10.0,0.0,,,,,,,,,,
468,AdventureWorks2017,Person,AddressType,Name,2,,NO,nvarchar,50.0,100.0,,,,,,,UNICODE,,,SQL_Latin1_General_CP1_CI_AS,AdventureWorks2017,dbo,Name
469,AdventureWorks2017,Person,AddressType,rowguid,3,(newid()),NO,uniqueidentifier,,,,,,,,,,,,,,,
470,AdventureWorks2017,Person,AddressType,ModifiedDate,4,(getdate()),NO,datetime,,,,,,3.0,,,,,,,,,
471,AdventureWorks2017,Person,StateProvince,StateProvinceID,1,,NO,int,,,10.0,10.0,0.0,,,,,,,,,,
472,AdventureWorks2017,Person,StateProvince,StateProvinceCode,2,,NO,nchar,3.0,6.0,,,,,,,UNICODE,,,SQL_Latin1_General_CP1_CI_AS,,,
473,AdventureWorks2017,Person,StateProvince,CountryRegionCode,3,,NO,nvarchar,3.0,6.0,,,,,,,UNICODE,,,SQL_Latin1_General_CP1_CI_AS,,,
474,AdventureWorks2017,Person,StateProvince,IsOnlyStateProvinceFlag,4,((1)),NO,bit,,,,,,,,,,,,,AdventureWorks2017,dbo,Flag
475,AdventureWorks2017,Person,StateProvince,Name,5,,NO,nvarchar,50.0,100.0,,,,,,,UNICODE,,,SQL_Latin1_General_CP1_CI_AS,AdventureWorks2017,dbo,Name
476,AdventureWorks2017,Person,StateProvince,TerritoryID,6,,NO,int,,,10.0,10.0,0.0,,,,,,,,,,
477,AdventureWorks2017,Person,StateProvince,rowguid,7,(newid()),NO,uniqueidentifier,,,,,,,,,,,,,,,
478,AdventureWorks2017,Person,StateProvince,ModifiedDate,8,(getdate()),NO,datetime,,,,,,3.0,,,,,,,,,
479,AdventureWorks2017,Production,ProductModelIllustration,ProductModelID,1,,NO,int,,,10.0,10.0,0.0,,,,,,,,,,
480,AdventureWorks2017,Production,ProductModelIllustration,IllustrationID,2,,NO,int,,,10.0,10.0,0.0,,,,,,,,,,
481,AdventureWorks2017,Production,ProductModelIllustration,ModifiedDate,3,(getdate()),NO,datetime,,,,,,3.0,,,,,,,,,
482,AdventureWorks2017,dbo,AWBuildVersion,SystemInformationID,1,,NO,tinyint,,,3.0,10.0,0.0,,,,,,,,,,
483,AdventureWorks2017,dbo,AWBuildVersion,Database Version,2,,NO,nvarchar,25.0,50.0,,,,,,,UNICODE,,,SQL_Latin1_General_CP1_CI_AS,,,
484,AdventureWorks2017,dbo,AWBuildVersion,VersionDate,3,,NO,datetime,,,,,,3.0,,,,,,,,,
485,AdventureWorks2017,dbo,AWBuildVersion,ModifiedDate,4,(getdate()),NO,datetime,,,,,,3.0,,,,,,,,,
486,AdventureWorks2017,Production,ProductModelProductDescriptionCulture,ProductModelID,1,,NO,int,,,10.0,10.0,0.0,,,,,,,,,,
487,AdventureWorks2017,Production,ProductModelProductDescriptionCulture,ProductDescriptionID,2,,NO,int,,,10.0,10.0,0.0,,,,,,,,,,
488,AdventureWorks2017,Production,ProductModelProductDescriptionCulture,CultureID,3,,NO,nchar,6.0,12.0,,,,,,,UNICODE,,,SQL_Latin1_General_CP1_CI_AS,,,
489,AdventureWorks2017,Production,ProductModelProductDescriptionCulture,ModifiedDate,4,(getdate()),NO,datetime,,,,,,3.0,,,,,,,,,
490,AdventureWorks2017,Production,BillOfMaterials,BillOfMaterialsID,1,,NO,int,,,10.0,10.0,0.0,,,,,,,,,,
491,AdventureWorks2017,Production,BillOfMaterials,ProductAssemblyID,2,,YES,int,,,10.0,10.0,0.0,,,,,,,,,,
492,AdventureWorks2017,Production,BillOfMaterials,ComponentID,3,,NO,int,,,10.0,10.0,0.0,,,,,,,,,,
493,AdventureWorks2017,Production,BillOfMaterials,StartDate,4,(getdate()),NO,datetime,,,,,,3.0,,,,,,,,,
494,AdventureWorks2017,Production,BillOfMaterials,EndDate,5,,YES,datetime,,,,,,3.0,,,,,,,,,
495,AdventureWorks2017,Production,BillOfMaterials,UnitMeasureCode,6,,NO,nchar,3.0,6.0,,,,,,,UNICODE,,,SQL_Latin1_General_CP1_CI_AS,,,
496,AdventureWorks2017,Production,BillOfMaterials,BOMLevel,7,,NO,smallint,,,5.0,10.0,0.0,,,,,,,,,,
497,AdventureWorks2017,Production,BillOfMaterials,PerAssemblyQty,8,((1.00)),NO,decimal,,,8.0,10.0,2.0,,,,,,,,,,
498,AdventureWorks2017,Production,BillOfMaterials,ModifiedDate,9,(getdate()),NO,datetime,,,,,,3.0,,,,,,,,,
499,AdventureWorks2017,Sales,Store,BusinessEntityID,1,,NO,int,,,10.0,10.0,0.0,,,,,,,,,,
500,AdventureWorks2017,Sales,Store,Name,2,,NO,nvarchar,50.0,100.0,,,,,,,UNICODE,,,SQL_Latin1_General_CP1_CI_AS,AdventureWorks2017,dbo,Name
501,AdventureWorks2017,Sales,Store,SalesPersonID,3,,YES,int,,,10.0,10.0,0.0,,,,,,,,,,
502,AdventureWorks2017,Sales,Store,Demographics,4,,YES,xml,-1.0,-1.0,,,,,,,,,,,,,
503,AdventureWorks2017,Sales,Store,rowguid,5,(newid()),NO,uniqueidentifier,,,,,,,,,,,,,,,
504,AdventureWorks2017,Sales,Store,ModifiedDate,6,(getdate()),NO,datetime,,,,,,3.0,,,,,,,,,
505,AdventureWorks2017,Production,ProductPhoto,ProductPhotoID,1,,NO,int,,,10.0,10.0,0.0,,,,,,,,,,
506,AdventureWorks2017,Production,ProductPhoto,ThumbNailPhoto,2,,YES,varbinary,-1.0,-1.0,,,,,,,,,,,,,
507,AdventureWorks2017,Production,ProductPhoto,ThumbnailPhotoFileName,3,,YES,nvarchar,50.0,100.0,,,,,,,UNICODE,,,SQL_Latin1_General_CP1_CI_AS,,,
508,AdventureWorks2017,Production,ProductPhoto,LargePhoto,4,,YES,varbinary,-1.0,-1.0,,,,,,,,,,,,,
509,AdventureWorks2017,Production,ProductPhoto,LargePhotoFileName,5,,YES,nvarchar,50.0,100.0,,,,,,,UNICODE,,,SQL_Latin1_General_CP1_CI_AS,,,
510,AdventureWorks2017,Production,ProductPhoto,ModifiedDate,6,(getdate()),NO,datetime,,,,,,3.0,,,,,,,,,
511,AdventureWorks2017,Production,ProductProductPhoto,ProductID,1,,NO,int,,,10.0,10.0,0.0,,,,,,,,,,
512,AdventureWorks2017,Production,ProductProductPhoto,ProductPhotoID,2,,NO,int,,,10.0,10.0,0.0,,,,,,,,,,
513,AdventureWorks2017,Production,ProductProductPhoto,Primary,3,((0)),NO,bit,,,,,,,,,,,,,AdventureWorks2017,dbo,Flag
514,AdventureWorks2017,Production,ProductProductPhoto,ModifiedDate,4,(getdate()),NO,datetime,,,,,,3.0,,,,,,,,,
515,AdventureWorks2017,Production,TransactionHistory,TransactionID,1,,NO,int,,,10.0,10.0,0.0,,,,,,,,,,
516,AdventureWorks2017,Production,TransactionHistory,ProductID,2,,NO,int,,,10.0,10.0,0.0,,,,,,,,,,
517,AdventureWorks2017,Production,TransactionHistory,ReferenceOrderID,3,,NO,int,,,10.0,10.0,0.0,,,,,,,,,,
518,AdventureWorks2017,Production,TransactionHistory,ReferenceOrderLineID,4,((0)),NO,int,,,10.0,10.0,0.0,,,,,,,,,,
519,AdventureWorks2017,Production,TransactionHistory,TransactionDate,5,(getdate()),NO,datetime,,,,,,3.0,,,,,,,,,
520,AdventureWorks2017,Production,TransactionHistory,TransactionType,6,,NO,nchar,1.0,2.0,,,,,,,UNICODE,,,SQL_Latin1_General_CP1_CI_AS,,,
521,AdventureWorks2017,Production,TransactionHistory,Quantity,7,,NO,int,,,10.0,10.0,0.0,,,,,,,,,,
522,AdventureWorks2017,Production,TransactionHistory,ActualCost,8,,NO,money,,,19.0,10.0,4.0,,,,,,,,,,
523,AdventureWorks2017,Production,TransactionHistory,ModifiedDate,9,(getdate()),NO,datetime,,,,,,3.0,,,,,,,,,
524,AdventureWorks2017,Production,ProductReview,ProductReviewID,1,,NO,int,,,10.0,10.0,0.0,,,,,,,,,,
525,AdventureWorks2017,Production,ProductReview,ProductID,2,,NO,int,,,10.0,10.0,0.0,,,,,,,,,,
526,AdventureWorks2017,Production,ProductReview,ReviewerName,3,,NO,nvarchar,50.0,100.0,,,,,,,UNICODE,,,SQL_Latin1_General_CP1_CI_AS,AdventureWorks2017,dbo,Name
527,AdventureWorks2017,Production,ProductReview,ReviewDate,4,(getdate()),NO,datetime,,,,,,3.0,,,,,,,,,
528,AdventureWorks2017,Production,ProductReview,EmailAddress,5,,NO,nvarchar,50.0,100.0,,,,,,,UNICODE,,,SQL_Latin1_General_CP1_CI_AS,,,
529,AdventureWorks2017,Production,ProductReview,Rating,6,,NO,int,,,10.0,10.0,0.0,,,,,,,,,,
530,AdventureWorks2017,Production,ProductReview,Comments,7,,YES,nvarchar,3850.0,7700.0,,,,,,,UNICODE,,,SQL_Latin1_General_CP1_CI_AS,,,
531,AdventureWorks2017,Production,ProductReview,ModifiedDate,8,(getdate()),NO,datetime,,,,,,3.0,,,,,,,,,
532,AdventureWorks2017,Person,BusinessEntity,BusinessEntityID,1,,NO,int,,,10.0,10.0,0.0,,,,,,,,,,
533,AdventureWorks2017,Person,BusinessEntity,rowguid,2,(newid()),NO,uniqueidentifier,,,,,,,,,,,,,,,
534,AdventureWorks2017,Person,BusinessEntity,ModifiedDate,3,(getdate()),NO,datetime,,,,,,3.0,,,,,,,,,
535,AdventureWorks2017,Production,TransactionHistoryArchive,TransactionID,1,,NO,int,,,10.0,10.0,0.0,,,,,,,,,,
536,AdventureWorks2017,Production,TransactionHistoryArchive,ProductID,2,,NO,int,,,10.0,10.0,0.0,,,,,,,,,,
537,AdventureWorks2017,Production,TransactionHistoryArchive,ReferenceOrderID,3,,NO,int,,,10.0,10.0,0.0,,,,,,,,,,
538,AdventureWorks2017,Production,TransactionHistoryArchive,ReferenceOrderLineID,4,((0)),NO,int,,,10.0,10.0,0.0,,,,,,,,,,
539,AdventureWorks2017,Production,TransactionHistoryArchive,TransactionDate,5,(getdate()),NO,datetime,,,,,,3.0,,,,,,,,,
540,AdventureWorks2017,Production,TransactionHistoryArchive,TransactionType,6,,NO,nchar,1.0,2.0,,,,,,,UNICODE,,,SQL_Latin1_General_CP1_CI_AS,,,
541,AdventureWorks2017,Production,TransactionHistoryArchive,Quantity,7,,NO,int,,,10.0,10.0,0.0,,,,,,,,,,
542,AdventureWorks2017,Production,TransactionHistoryArchive,ActualCost,8,,NO,money,,,19.0,10.0,4.0,,,,,,,,,,
543,AdventureWorks2017,Production,TransactionHistoryArchive,ModifiedDate,9,(getdate()),NO,datetime,,,,,,3.0,,,,,,,,,
544,AdventureWorks2017,Production,ProductSubcategory,ProductSubcategoryID,1,,NO,int,,,10.0,10.0,0.0,,,,,,,,,,
545,AdventureWorks2017,Production,ProductSubcategory,ProductCategoryID,2,,NO,int,,,10.0,10.0,0.0,,,,,,,,,,
546,AdventureWorks2017,Production,ProductSubcategory,Name,3,,NO,nvarchar,50.0,100.0,,,,,,,UNICODE,,,SQL_Latin1_General_CP1_CI_AS,AdventureWorks2017,dbo,Name
547,AdventureWorks2017,Production,ProductSubcategory,rowguid,4,(newid()),NO,uniqueidentifier,,,,,,,,,,,,,,,
548,AdventureWorks2017,Production,ProductSubcategory,ModifiedDate,5,(getdate()),NO,datetime,,,,,,3.0,,,,,,,,,
549,AdventureWorks2017,Person,BusinessEntityAddress,BusinessEntityID,1,,NO,int,,,10.0,10.0,0.0,,,,,,,,,,
550,AdventureWorks2017,Person,BusinessEntityAddress,AddressID,2,,NO,int,,,10.0,10.0,0.0,,,,,,,,,,
551,AdventureWorks2017,Person,BusinessEntityAddress,AddressTypeID,3,,NO,int,,,10.0,10.0,0.0,,,,,,,,,,
552,AdventureWorks2017,Person,BusinessEntityAddress,rowguid,4,(newid()),NO,uniqueidentifier,,,,,,,,,,,,,,,
553,AdventureWorks2017,Person,BusinessEntityAddress,ModifiedDate,5,(getdate()),NO,datetime,,,,,,3.0,,,,,,,,,
554,AdventureWorks2017,Purchasing,ProductVendor,ProductID,1,,NO,int,,,10.0,10.0,0.0,,,,,,,,,,
555,AdventureWorks2017,Purchasing,ProductVendor,BusinessEntityID,2,,NO,int,,,10.0,10.0,0.0,,,,,,,,,,
556,AdventureWorks2017,Purchasing,ProductVendor,AverageLeadTime,3,,NO,int,,,10.0,10.0,0.0,,,,,,,,,,
557,AdventureWorks2017,Purchasing,ProductVendor,StandardPrice,4,,NO,money,,,19.0,10.0,4.0,,,,,,,,,,
558,AdventureWorks2017,Purchasing,ProductVendor,LastReceiptCost,5,,YES,money,,,19.0,10.0,4.0,,,,,,,,,,
559,AdventureWorks2017,Purchasing,ProductVendor,LastReceiptDate,6,,YES,datetime,,,,,,3.0,,,,,,,,,
560,AdventureWorks2017,Purchasing,ProductVendor,MinOrderQty,7,,NO,int,,,10.0,10.0,0.0,,,,,,,,,,
561,AdventureWorks2017,Purchasing,ProductVendor,MaxOrderQty,8,,NO,int,,,10.0,10.0,0.0,,,,,,,,,,
562,AdventureWorks2017,Purchasing,ProductVendor,OnOrderQty,9,,YES,int,,,10.0,10.0,0.0,,,,,,,,,,
563,AdventureWorks2017,Purchasing,ProductVendor,UnitMeasureCode,10,,NO,nchar,3.0,6.0,,,,,,,UNICODE,,,SQL_Latin1_General_CP1_CI_AS,,,
564,AdventureWorks2017,Purchasing,ProductVendor,ModifiedDate,11,(getdate()),NO,datetime,,,,,,3.0,,,,,,,,,
565,AdventureWorks2017,Person,BusinessEntityContact,BusinessEntityID,1,,NO,int,,,10.0,10.0,0.0,,,,,,,,,,
566,AdventureWorks2017,Person,BusinessEntityContact,PersonID,2,,NO,int,,,10.0,10.0,0.0,,,,,,,,,,
567,AdventureWorks2017,Person,BusinessEntityContact,ContactTypeID,3,,NO,int,,,10.0,10.0,0.0,,,,,,,,,,
568,AdventureWorks2017,Person,BusinessEntityContact,rowguid,4,(newid()),NO,uniqueidentifier,,,,,,,,,,,,,,,
569,AdventureWorks2017,Person,BusinessEntityContact,ModifiedDate,5,(getdate()),NO,datetime,,,,,,3.0,,,,,,,,,
570,AdventureWorks2017,Production,UnitMeasure,UnitMeasureCode,1,,NO,nchar,3.0,6.0,,,,,,,UNICODE,,,SQL_Latin1_General_CP1_CI_AS,,,
571,AdventureWorks2017,Production,UnitMeasure,Name,2,,NO,nvarchar,50.0,100.0,,,,,,,UNICODE,,,SQL_Latin1_General_CP1_CI_AS,AdventureWorks2017,dbo,Name
572,AdventureWorks2017,Production,UnitMeasure,ModifiedDate,3,(getdate()),NO,datetime,,,,,,3.0,,,,,,,,,
573,AdventureWorks2017,Purchasing,Vendor,BusinessEntityID,1,,NO,int,,,10.0,10.0,0.0,,,,,,,,,,
574,AdventureWorks2017,Purchasing,Vendor,AccountNumber,2,,NO,nvarchar,15.0,30.0,,,,,,,UNICODE,,,SQL_Latin1_General_CP1_CI_AS,AdventureWorks2017,dbo,AccountNumber
575,AdventureWorks2017,Purchasing,Vendor,Name,3,,NO,nvarchar,50.0,100.0,,,,,,,UNICODE,,,SQL_Latin1_General_CP1_CI_AS,AdventureWorks2017,dbo,Name
576,AdventureWorks2017,Purchasing,Vendor,CreditRating,4,,NO,tinyint,,,3.0,10.0,0.0,,,,,,,,,,
577,AdventureWorks2017,Purchasing,Vendor,PreferredVendorStatus,5,((1)),NO,bit,,,,,,,,,,,,,AdventureWorks2017,dbo,Flag
578,AdventureWorks2017,Purchasing,Vendor,ActiveFlag,6,((1)),NO,bit,,,,,,,,,,,,,AdventureWorks2017,dbo,Flag
579,AdventureWorks2017,Purchasing,Vendor,PurchasingWebServiceURL,7,,YES,nvarchar,1024.0,2048.0,,,,,,,UNICODE,,,SQL_Latin1_General_CP1_CI_AS,,,
580,AdventureWorks2017,Purchasing,Vendor,ModifiedDate,8,(getdate()),NO,datetime,,,,,,3.0,,,,,,,,,
581,AdventureWorks2017,Person,ContactType,ContactTypeID,1,,NO,int,,,10.0,10.0,0.0,,,,,,,,,,
582,AdventureWorks2017,Person,ContactType,Name,2,,NO,nvarchar,50.0,100.0,,,,,,,UNICODE,,,SQL_Latin1_General_CP1_CI_AS,AdventureWorks2017,dbo,Name
583,AdventureWorks2017,Person,ContactType,ModifiedDate,3,(getdate()),NO,datetime,,,,,,3.0,,,,,,,,,
584,AdventureWorks2017,Sales,CountryRegionCurrency,CountryRegionCode,1,,NO,nvarchar,3.0,6.0,,,,,,,UNICODE,,,SQL_Latin1_General_CP1_CI_AS,,,
585,AdventureWorks2017,Sales,CountryRegionCurrency,CurrencyCode,2,,NO,nchar,3.0,6.0,,,,,,,UNICODE,,,SQL_Latin1_General_CP1_CI_AS,,,
586,AdventureWorks2017,Sales,CountryRegionCurrency,ModifiedDate,3,(getdate()),NO,datetime,,,,,,3.0,,,,,,,,,
587,AdventureWorks2017,Person,CountryRegion,CountryRegionCode,1,,NO,nvarchar,3.0,6.0,,,,,,,UNICODE,,,SQL_Latin1_General_CP1_CI_AS,,,
588,AdventureWorks2017,Person,CountryRegion,Name,2,,NO,nvarchar,50.0,100.0,,,,,,,UNICODE,,,SQL_Latin1_General_CP1_CI_AS,AdventureWorks2017,dbo,Name
589,AdventureWorks2017,Person,CountryRegion,ModifiedDate,3,(getdate()),NO,datetime,,,,,,3.0,,,,,,,,,
590,AdventureWorks2017,Production,WorkOrder,WorkOrderID,1,,NO,int,,,10.0,10.0,0.0,,,,,,,,,,
591,AdventureWorks2017,Production,WorkOrder,ProductID,2,,NO,int,,,10.0,10.0,0.0,,,,,,,,,,
592,AdventureWorks2017,Production,WorkOrder,OrderQty,3,,NO,int,,,10.0,10.0,0.0,,,,,,,,,,
593,AdventureWorks2017,Production,WorkOrder,StockedQty,4,,NO,int,,,10.0,10.0,0.0,,,,,,,,,,
594,AdventureWorks2017,Production,WorkOrder,ScrappedQty,5,,NO,smallint,,,5.0,10.0,0.0,,,,,,,,,,
595,AdventureWorks2017,Production,WorkOrder,StartDate,6,,NO,datetime,,,,,,3.0,,,,,,,,,
596,AdventureWorks2017,Production,WorkOrder,EndDate,7,,YES,datetime,,,,,,3.0,,,,,,,,,
597,AdventureWorks2017,Production,WorkOrder,DueDate,8,,NO,datetime,,,,,,3.0,,,,,,,,,
598,AdventureWorks2017,Production,WorkOrder,ScrapReasonID,9,,YES,smallint,,,5.0,10.0,0.0,,,,,,,,,,
599,AdventureWorks2017,Production,WorkOrder,ModifiedDate,10,(getdate()),NO,datetime,,,,,,3.0,,,,,,,,,
600,AdventureWorks2017,Purchasing,PurchaseOrderDetail,PurchaseOrderID,1,,NO,int,,,10.0,10.0,0.0,,,,,,,,,,
601,AdventureWorks2017,Purchasing,PurchaseOrderDetail,PurchaseOrderDetailID,2,,NO,int,,,10.0,10.0,0.0,,,,,,,,,,
602,AdventureWorks2017,Purchasing,PurchaseOrderDetail,DueDate,3,,NO,datetime,,,,,,3.0,,,,,,,,,
603,AdventureWorks2017,Purchasing,PurchaseOrderDetail,OrderQty,4,,NO,smallint,,,5.0,10.0,0.0,,,,,,,,,,
604,AdventureWorks2017,Purchasing,PurchaseOrderDetail,ProductID,5,,NO,int,,,10.0,10.0,0.0,,,,,,,,,,
605,AdventureWorks2017,Purchasing,PurchaseOrderDetail,UnitPrice,6,,NO,money,,,19.0,10.0,4.0,,,,,,,,,,
606,AdventureWorks2017,Purchasing,PurchaseOrderDetail,LineTotal,7,,NO,money,,,19.0,10.0,4.0,,,,,,,,,,
607,AdventureWorks2017,Purchasing,PurchaseOrderDetail,ReceivedQty,8,,NO,decimal,,,8.0,10.0,2.0,,,,,,,,,,
608,AdventureWorks2017,Purchasing,PurchaseOrderDetail,RejectedQty,9,,NO,decimal,,,8.0,10.0,2.0,,,,,,,,,,
609,AdventureWorks2017,Purchasing,PurchaseOrderDetail,StockedQty,10,,NO,decimal,,,9.0,10.0,2.0,,,,,,,,,,
610,AdventureWorks2017,Purchasing,PurchaseOrderDetail,ModifiedDate,11,(getdate()),NO,datetime,,,,,,3.0,,,,,,,,,
611,AdventureWorks2017,Sales,CreditCard,CreditCardID,1,,NO,int,,,10.0,10.0,0.0,,,,,,,,,,
612,AdventureWorks2017,Sales,CreditCard,CardType,2,,NO,nvarchar,50.0,100.0,,,,,,,UNICODE,,,SQL_Latin1_General_CP1_CI_AS,,,
613,AdventureWorks2017,Sales,CreditCard,CardNumber,3,,NO,nvarchar,25.0,50.0,,,,,,,UNICODE,,,SQL_Latin1_General_CP1_CI_AS,,,
614,AdventureWorks2017,Sales,CreditCard,ExpMonth,4,,NO,tinyint,,,3.0,10.0,0.0,,,,,,,,,,
615,AdventureWorks2017,Sales,CreditCard,ExpYear,5,,NO,smallint,,,5.0,10.0,0.0,,,,,,,,,,
616,AdventureWorks2017,Sales,CreditCard,ModifiedDate,6,(getdate()),NO,datetime,,,,,,3.0,,,,,,,,,
617,AdventureWorks2017,Production,Culture,CultureID,1,,NO,nchar,6.0,12.0,,,,,,,UNICODE,,,SQL_Latin1_General_CP1_CI_AS,,,
618,AdventureWorks2017,Production,Culture,Name,2,,NO,nvarchar,50.0,100.0,,,,,,,UNICODE,,,SQL_Latin1_General_CP1_CI_AS,AdventureWorks2017,dbo,Name
619,AdventureWorks2017,Production,Culture,ModifiedDate,3,(getdate()),NO,datetime,,,,,,3.0,,,,,,,,,
620,AdventureWorks2017,Production,WorkOrderRouting,WorkOrderID,1,,NO,int,,,10.0,10.0,0.0,,,,,,,,,,
621,AdventureWorks2017,Production,WorkOrderRouting,ProductID,2,,NO,int,,,10.0,10.0,0.0,,,,,,,,,,
622,AdventureWorks2017,Production,WorkOrderRouting,OperationSequence,3,,NO,smallint,,,5.0,10.0,0.0,,,,,,,,,,
623,AdventureWorks2017,Production,WorkOrderRouting,LocationID,4,,NO,smallint,,,5.0,10.0,0.0,,,,,,,,,,
624,AdventureWorks2017,Production,WorkOrderRouting,ScheduledStartDate,5,,NO,datetime,,,,,,3.0,,,,,,,,,
625,AdventureWorks2017,Production,WorkOrderRouting,ScheduledEndDate,6,,NO,datetime,,,,,,3.0,,,,,,,,,
626,AdventureWorks2017,Production,WorkOrderRouting,ActualStartDate,7,,YES,datetime,,,,,,3.0,,,,,,,,,
627,AdventureWorks2017,Production,WorkOrderRouting,ActualEndDate,8,,YES,datetime,,,,,,3.0,,,,,,,,,
628,AdventureWorks2017,Production,WorkOrderRouting,ActualResourceHrs,9,,YES,decimal,,,9.0,10.0,4.0,,,,,,,,,,
629,AdventureWorks2017,Production,WorkOrderRouting,PlannedCost,10,,NO,money,,,19.0,10.0,4.0,,,,,,,,,,
630,AdventureWorks2017,Production,WorkOrderRouting,ActualCost,11,,YES,money,,,19.0,10.0,4.0,,,,,,,,,,
631,AdventureWorks2017,Production,WorkOrderRouting,ModifiedDate,12,(getdate()),NO,datetime,,,,,,3.0,,,,,,,,,
632,AdventureWorks2017,Sales,Currency,CurrencyCode,1,,NO,nchar,3.0,6.0,,,,,,,UNICODE,,,SQL_Latin1_General_CP1_CI_AS,,,
633,AdventureWorks2017,Sales,Currency,Name,2,,NO,nvarchar,50.0,100.0,,,,,,,UNICODE,,,SQL_Latin1_General_CP1_CI_AS,AdventureWorks2017,dbo,Name
634,AdventureWorks2017,Sales,Currency,ModifiedDate,3,(getdate()),NO,datetime,,,,,,3.0,,,,,,,,,
635,AdventureWorks2017,Purchasing,PurchaseOrderHeader,PurchaseOrderID,1,,NO,int,,,10.0,10.0,0.0,,,,,,,,,,
636,AdventureWorks2017,Purchasing,PurchaseOrderHeader,RevisionNumber,2,((0)),NO,tinyint,,,3.0,10.0,0.0,,,,,,,,,,
637,AdventureWorks2017,Purchasing,PurchaseOrderHeader,Status,3,((1)),NO,tinyint,,,3.0,10.0,0.0,,,,,,,,,,
638,AdventureWorks2017,Purchasing,PurchaseOrderHeader,EmployeeID,4,,NO,int,,,10.0,10.0,0.0,,,,,,,,,,
639,AdventureWorks2017,Purchasing,PurchaseOrderHeader,VendorID,5,,NO,int,,,10.0,10.0,0.0,,,,,,,,,,
640,AdventureWorks2017,Purchasing,PurchaseOrderHeader,ShipMethodID,6,,NO,int,,,10.0,10.0,0.0,,,,,,,,,,
641,AdventureWorks2017,Purchasing,PurchaseOrderHeader,OrderDate,7,(getdate()),NO,datetime,,,,,,3.0,,,,,,,,,
642,AdventureWorks2017,Purchasing,PurchaseOrderHeader,ShipDate,8,,YES,datetime,,,,,,3.0,,,,,,,,,
643,AdventureWorks2017,Purchasing,PurchaseOrderHeader,SubTotal,9,((0.00)),NO,money,,,19.0,10.0,4.0,,,,,,,,,,
644,AdventureWorks2017,Purchasing,PurchaseOrderHeader,TaxAmt,10,((0.00)),NO,money,,,19.0,10.0,4.0,,,,,,,,,,
645,AdventureWorks2017,Purchasing,PurchaseOrderHeader,Freight,11,((0.00)),NO,money,,,19.0,10.0,4.0,,,,,,,,,,
646,AdventureWorks2017,Purchasing,PurchaseOrderHeader,TotalDue,12,,NO,money,,,19.0,10.0,4.0,,,,,,,,,,
647,AdventureWorks2017,Purchasing,PurchaseOrderHeader,ModifiedDate,13,(getdate()),NO,datetime,,,,,,3.0,,,,,,,,,
648,AdventureWorks2017,Sales,CurrencyRate,CurrencyRateID,1,,NO,int,,,10.0,10.0,0.0,,,,,,,,,,
649,AdventureWorks2017,Sales,CurrencyRate,CurrencyRateDate,2,,NO,datetime,,,,,,3.0,,,,,,,,,
650,AdventureWorks2017,Sales,CurrencyRate,FromCurrencyCode,3,,NO,nchar,3.0,6.0,,,,,,,UNICODE,,,SQL_Latin1_General_CP1_CI_AS,,,
651,AdventureWorks2017,Sales,CurrencyRate,ToCurrencyCode,4,,NO,nchar,3.0,6.0,,,,,,,UNICODE,,,SQL_Latin1_General_CP1_CI_AS,,,
652,AdventureWorks2017,Sales,CurrencyRate,AverageRate,5,,NO,money,,,19.0,10.0,4.0,,,,,,,,,,
653,AdventureWorks2017,Sales,CurrencyRate,EndOfDayRate,6,,NO,money,,,19.0,10.0,4.0,,,,,,,,,,
654,AdventureWorks2017,Sales,CurrencyRate,ModifiedDate,7,(getdate()),NO,datetime,,,,,,3.0,,,,,,,,,
655,AdventureWorks2017,Sales,Customer,CustomerID,1,,NO,int,,,10.0,10.0,0.0,,,,,,,,,,
656,AdventureWorks2017,Sales,Customer,PersonID,2,,YES,int,,,10.0,10.0,0.0,,,,,,,,,,
657,AdventureWorks2017,Sales,Customer,StoreID,3,,YES,int,,,10.0,10.0,0.0,,,,,,,,,,
658,AdventureWorks2017,Sales,Customer,TerritoryID,4,,YES,int,,,10.0,10.0,0.0,,,,,,,,,,
659,AdventureWorks2017,Sales,Customer,AccountNumber,5,,NO,varchar,10.0,10.0,,,,,,,iso_1,,,SQL_Latin1_General_CP1_CI_AS,,,
660,AdventureWorks2017,Sales,Customer,rowguid,6,(newid()),NO,uniqueidentifier,,,,,,,,,,,,,,,
661,AdventureWorks2017,Sales,Customer,ModifiedDate,7,(getdate()),NO,datetime,,,,,,3.0,,,,,,,,,
662,AdventureWorks2017,HumanResources,Department,DepartmentID,1,,NO,smallint,,,5.0,10.0,0.0,,,,,,,,,,
663,AdventureWorks2017,HumanResources,Department,Name,2,,NO,nvarchar,50.0,100.0,,,,,,,UNICODE,,,SQL_Latin1_General_CP1_CI_AS,AdventureWorks2017,dbo,Name
664,AdventureWorks2017,HumanResources,Department,GroupName,3,,NO,nvarchar,50.0,100.0,,,,,,,UNICODE,,,SQL_Latin1_General_CP1_CI_AS,AdventureWorks2017,dbo,Name
665,AdventureWorks2017,HumanResources,Department,ModifiedDate,4,(getdate()),NO,datetime,,,,,,3.0,,,,,,,,,
666,AdventureWorks2017,Production,Document,DocumentNode,1,,NO,hierarchyid,892.0,892.0,,,,,,,,,,,,,
667,AdventureWorks2017,Production,Document,DocumentLevel,2,,YES,smallint,,,5.0,10.0,0.0,,,,,,,,,,
668,AdventureWorks2017,Production,Document,Title,3,,NO,nvarchar,50.0,100.0,,,,,,,UNICODE,,,SQL_Latin1_General_CP1_CI_AS,,,
669,AdventureWorks2017,Production,Document,Owner,4,,NO,int,,,10.0,10.0,0.0,,,,,,,,,,
670,AdventureWorks2017,Production,Document,FolderFlag,5,((0)),NO,bit,,,,,,,,,,,,,,,
671,AdventureWorks2017,Production,Document,FileName,6,,NO,nvarchar,400.0,800.0,,,,,,,UNICODE,,,SQL_Latin1_General_CP1_CI_AS,,,
672,AdventureWorks2017,Production,Document,FileExtension,7,,NO,nvarchar,8.0,16.0,,,,,,,UNICODE,,,SQL_Latin1_General_CP1_CI_AS,,,
673,AdventureWorks2017,Production,Document,Revision,8,,NO,nchar,5.0,10.0,,,,,,,UNICODE,,,SQL_Latin1_General_CP1_CI_AS,,,
674,AdventureWorks2017,Production,Document,ChangeNumber,9,((0)),NO,int,,,10.0,10.0,0.0,,,,,,,,,,
675,AdventureWorks2017,Production,Document,Status,10,,NO,tinyint,,,3.0,10.0,0.0,,,,,,,,,,
676,AdventureWorks2017,Production,Document,DocumentSummary,11,,YES,nvarchar,-1.0,-1.0,,,,,,,UNICODE,,,SQL_Latin1_General_CP1_CI_AS,,,
677,AdventureWorks2017,Production,Document,Document,12,,YES,varbinary,-1.0,-1.0,,,,,,,,,,,,,
678,AdventureWorks2017,Production,Document,rowguid,13,(newid()),NO,uniqueidentifier,,,,,,,,,,,,,,,
679,AdventureWorks2017,Production,Document,ModifiedDate,14,(getdate()),NO,datetime,,,,,,3.0,,,,,,,,,
680,AdventureWorks2017,Sales,SalesOrderDetail,SalesOrderID,1,,NO,int,,,10.0,10.0,0.0,,,,,,,,,,
681,AdventureWorks2017,Sales,SalesOrderDetail,SalesOrderDetailID,2,,NO,int,,,10.0,10.0,0.0,,,,,,,,,,
682,AdventureWorks2017,Sales,SalesOrderDetail,CarrierTrackingNumber,3,,YES,nvarchar,25.0,50.0,,,,,,,UNICODE,,,SQL_Latin1_General_CP1_CI_AS,,,
683,AdventureWorks2017,Sales,SalesOrderDetail,OrderQty,4,,NO,smallint,,,5.0,10.0,0.0,,,,,,,,,,
684,AdventureWorks2017,Sales,SalesOrderDetail,ProductID,5,,NO,int,,,10.0,10.0,0.0,,,,,,,,,,
685,AdventureWorks2017,Sales,SalesOrderDetail,SpecialOfferID,6,,NO,int,,,10.0,10.0,0.0,,,,,,,,,,
686,AdventureWorks2017,Sales,SalesOrderDetail,UnitPrice,7,,NO,money,,,19.0,10.0,4.0,,,,,,,,,,
687,AdventureWorks2017,Sales,SalesOrderDetail,UnitPriceDiscount,8,((0.0)),NO,money,,,19.0,10.0,4.0,,,,,,,,,,
688,AdventureWorks2017,Sales,SalesOrderDetail,LineTotal,9,,NO,numeric,,,38.0,10.0,6.0,,,,,,,,,,
689,AdventureWorks2017,Sales,SalesOrderDetail,rowguid,10,(newid()),NO,uniqueidentifier,,,,,,,,,,,,,,,
690,AdventureWorks2017,Sales,SalesOrderDetail,ModifiedDate,11,(getdate()),NO,datetime,,,,,,3.0,,,,,,,,,
691,AdventureWorks2017,Person,EmailAddress,BusinessEntityID,1,,NO,int,,,10.0,10.0,0.0,,,,,,,,,,
692,AdventureWorks2017,Person,EmailAddress,EmailAddressID,2,,NO,int,,,10.0,10.0,0.0,,,,,,,,,,
693,AdventureWorks2017,Person,EmailAddress,EmailAddress,3,,YES,nvarchar,50.0,100.0,,,,,,,UNICODE,,,SQL_Latin1_General_CP1_CI_AS,,,
694,AdventureWorks2017,Person,EmailAddress,rowguid,4,(newid()),NO,uniqueidentifier,,,,,,,,,,,,,,,
695,AdventureWorks2017,Person,EmailAddress,ModifiedDate,5,(getdate()),NO,datetime,,,,,,3.0,,,,,,,,,
696,AdventureWorks2017,HumanResources,Employee,BusinessEntityID,1,,NO,int,,,10.0,10.0,0.0,,,,,,,,,,
697,AdventureWorks2017,HumanResources,Employee,NationalIDNumber,2,,NO,nvarchar,15.0,30.0,,,,,,,UNICODE,,,SQL_Latin1_General_CP1_CI_AS,,,
698,AdventureWorks2017,HumanResources,Employee,LoginID,3,,NO,nvarchar,256.0,512.0,,,,,,,UNICODE,,,SQL_Latin1_General_CP1_CI_AS,,,
699,AdventureWorks2017,HumanResources,Employee,OrganizationNode,4,,YES,hierarchyid,892.0,892.0,,,,,,,,,,,,,
700,AdventureWorks2017,HumanResources,Employee,OrganizationLevel,5,,YES,smallint,,,5.0,10.0,0.0,,,,,,,,,,
701,AdventureWorks2017,HumanResources,Employee,JobTitle,6,,NO,nvarchar,50.0,100.0,,,,,,,UNICODE,,,SQL_Latin1_General_CP1_CI_AS,,,
702,AdventureWorks2017,HumanResources,Employee,BirthDate,7,,NO,date,,,,,,0.0,,,,,,,,,
703,AdventureWorks2017,HumanResources,Employee,MaritalStatus,8,,NO,nchar,1.0,2.0,,,,,,,UNICODE,,,SQL_Latin1_General_CP1_CI_AS,,,
704,AdventureWorks2017,HumanResources,Employee,Gender,9,,NO,nchar,1.0,2.0,,,,,,,UNICODE,,,SQL_Latin1_General_CP1_CI_AS,,,
705,AdventureWorks2017,HumanResources,Employee,HireDate,10,,NO,date,,,,,,0.0,,,,,,,,,
706,AdventureWorks2017,HumanResources,Employee,SalariedFlag,11,((1)),NO,bit,,,,,,,,,,,,,AdventureWorks2017,dbo,Flag
707,AdventureWorks2017,HumanResources,Employee,VacationHours,12,((0)),NO,smallint,,,5.0,10.0,0.0,,,,,,,,,,
708,AdventureWorks2017,HumanResources,Employee,SickLeaveHours,13,((0)),NO,smallint,,,5.0,10.0,0.0,,,,,,,,,,
709,AdventureWorks2017,HumanResources,Employee,CurrentFlag,14,((1)),NO,bit,,,,,,,,,,,,,AdventureWorks2017,dbo,Flag
710,AdventureWorks2017,HumanResources,Employee,rowguid,15,(newid()),NO,uniqueidentifier,,,,,,,,,,,,,,,
711,AdventureWorks2017,HumanResources,Employee,ModifiedDate,16,(getdate()),NO,datetime,,,,,,3.0,,,,,,,,,
712,AdventureWorks2017,Sales,SalesOrderHeader,SalesOrderID,1,,NO,int,,,10.0,10.0,0.0,,,,,,,,,,
713,AdventureWorks2017,Sales,SalesOrderHeader,RevisionNumber,2,((0)),NO,tinyint,,,3.0,10.0,0.0,,,,,,,,,,
714,AdventureWorks2017,Sales,SalesOrderHeader,OrderDate,3,(getdate()),NO,datetime,,,,,,3.0,,,,,,,,,
715,AdventureWorks2017,Sales,SalesOrderHeader,DueDate,4,,NO,datetime,,,,,,3.0,,,,,,,,,
716,AdventureWorks2017,Sales,SalesOrderHeader,ShipDate,5,,YES,datetime,,,,,,3.0,,,,,,,,,
717,AdventureWorks2017,Sales,SalesOrderHeader,Status,6,((1)),NO,tinyint,,,3.0,10.0,0.0,,,,,,,,,,
718,AdventureWorks2017,Sales,SalesOrderHeader,OnlineOrderFlag,7,((1)),NO,bit,,,,,,,,,,,,,AdventureWorks2017,dbo,Flag
719,AdventureWorks2017,Sales,SalesOrderHeader,SalesOrderNumber,8,,NO,nvarchar,25.0,50.0,,,,,,,UNICODE,,,SQL_Latin1_General_CP1_CI_AS,,,
720,AdventureWorks2017,Sales,SalesOrderHeader,PurchaseOrderNumber,9,,YES,nvarchar,25.0,50.0,,,,,,,UNICODE,,,SQL_Latin1_General_CP1_CI_AS,AdventureWorks2017,dbo,OrderNumber
721,AdventureWorks2017,Sales,SalesOrderHeader,AccountNumber,10,,YES,nvarchar,15.0,30.0,,,,,,,UNICODE,,,SQL_Latin1_General_CP1_CI_AS,AdventureWorks2017,dbo,AccountNumber
722,AdventureWorks2017,Sales,SalesOrderHeader,CustomerID,11,,NO,int,,,10.0,10.0,0.0,,,,,,,,,,
723,AdventureWorks2017,Sales,SalesOrderHeader,SalesPersonID,12,,YES,int,,,10.0,10.0,0.0,,,,,,,,,,
724,AdventureWorks2017,Sales,SalesOrderHeader,TerritoryID,13,,YES,int,,,10.0,10.0,0.0,,,,,,,,,,
725,AdventureWorks2017,Sales,SalesOrderHeader,BillToAddressID,14,,NO,int,,,10.0,10.0,0.0,,,,,,,,,,
726,AdventureWorks2017,Sales,SalesOrderHeader,ShipToAddressID,15,,NO,int,,,10.0,10.0,0.0,,,,,,,,,,
727,AdventureWorks2017,Sales,SalesOrderHeader,ShipMethodID,16,,NO,int,,,10.0,10.0,0.0,,,,,,,,,,
728,AdventureWorks2017,Sales,SalesOrderHeader,CreditCardID,17,,YES,int,,,10.0,10.0,0.0,,,,,,,,,,
729,AdventureWorks2017,Sales,SalesOrderHeader,CreditCardApprovalCode,18,,YES,varchar,15.0,15.0,,,,,,,iso_1,,,SQL_Latin1_General_CP1_CI_AS,,,
730,AdventureWorks2017,Sales,SalesOrderHeader,CurrencyRateID,19,,YES,int,,,10.0,10.0,0.0,,,,,,,,,,
731,AdventureWorks2017,Sales,SalesOrderHeader,SubTotal,20,((0.00)),NO,money,,,19.0,10.0,4.0,,,,,,,,,,
732,AdventureWorks2017,Sales,SalesOrderHeader,TaxAmt,21,((0.00)),NO,money,,,19.0,10.0,4.0,,,,,,,,,,
733,AdventureWorks2017,Sales,SalesOrderHeader,Freight,22,((0.00)),NO,money,,,19.0,10.0,4.0,,,,,,,,,,
734,AdventureWorks2017,Sales,SalesOrderHeader,TotalDue,23,,NO,money,,,19.0,10.0,4.0,,,,,,,,,,
735,AdventureWorks2017,Sales,SalesOrderHeader,Comment,24,,YES,nvarchar,128.0,256.0,,,,,,,UNICODE,,,SQL_Latin1_General_CP1_CI_AS,,,
736,AdventureWorks2017,Sales,SalesOrderHeader,rowguid,25,(newid()),NO,uniqueidentifier,,,,,,,,,,,,,,,
737,AdventureWorks2017,Sales,SalesOrderHeader,ModifiedDate,26,(getdate()),NO,datetime,,,,,,3.0,,,,,,,,,
738,AdventureWorks2017,HumanResources,EmployeeDepartmentHistory,BusinessEntityID,1,,NO,int,,,10.0,10.0,0.0,,,,,,,,,,
739,AdventureWorks2017,HumanResources,EmployeeDepartmentHistory,DepartmentID,2,,NO,smallint,,,5.0,10.0,0.0,,,,,,,,,,
740,AdventureWorks2017,HumanResources,EmployeeDepartmentHistory,ShiftID,3,,NO,tinyint,,,3.0,10.0,0.0,,,,,,,,,,
741,AdventureWorks2017,HumanResources,EmployeeDepartmentHistory,StartDate,4,,NO,date,,,,,,0.0,,,,,,,,,
742,AdventureWorks2017,HumanResources,EmployeeDepartmentHistory,EndDate,5,,YES,date,,,,,,0.0,,,,,,,,,
743,AdventureWorks2017,HumanResources,EmployeeDepartmentHistory,ModifiedDate,6,(getdate()),NO,datetime,,,,,,3.0,,,,,,,,,
